/*******************************************************************************
 * Size: 72 px
 * Bpp: 4
 * Opts: --font fonts/Montserrat-Regular.ttf --size 72 --bpp 4 --format lvgl --lv-font-name lv_font_montserrat_72 -r 32-126 -o src/fonts/lv_font_montserrat_72.c
 ******************************************************************************/

#include "lvgl.h"

#ifndef LV_FONT_MONTSERRAT_72
#define LV_FONT_MONTSERRAT_72 1
#endif

//#if LV_FONT_MONTSERRAT_72

/*-----------------
 *    BITMAPS
 *----------------*/

/*Store the image of the glyphs*/
static LV_ATTRIBUTE_LARGE_CONST const uint8_t glyph_bitmap[] = {
    /* U+0020 " " */

    /* U+0021 "!" */
    0xa, 0xff, 0xe6, 0x0, 0x18, 0x7, 0x18, 0x7,
    0xfc, 0x20, 0x1c, 0x20, 0x1f, 0xfc, 0x57, 0x0,
    0x78, 0x7, 0xff, 0x8, 0x40, 0x2, 0x1, 0xff,
    0xc2, 0x30, 0x1, 0x80, 0x7f, 0xf0, 0x84, 0x0,
    0x20, 0x1f, 0xfc, 0x57, 0x0, 0xff, 0xe0, 0x88,
    0x7, 0xff, 0x0, 0x40, 0x31, 0x80, 0x7f, 0xf0,
    0xc, 0x3, 0x8, 0x7, 0xff, 0x0, 0x40, 0x33,
    0x80, 0x7f, 0xf1, 0x44, 0x3, 0xff, 0x82, 0x20,
    0x11, 0x80, 0x7f, 0xf1, 0x44, 0x3, 0x18, 0x7,
    0xff, 0x3, 0xc0, 0x30, 0x80, 0x7f, 0xf0, 0x4,
    0x3, 0x38, 0x7, 0xff, 0x0, 0xc0, 0x30, 0x80,
    0x7e, 0xbd, 0xd9, 0x40, 0x30, 0x91, 0x40, 0x1f,
    0xfe, 0x74, 0x63, 0x0, 0xc7, 0xd7, 0x39, 0x81,
    0x1, 0xd1, 0x0, 0x8e, 0xc1, 0x4, 0x3, 0x94,
    0x8, 0x3, 0xe1, 0x40, 0xf, 0x8, 0x8d, 0x40,
    0x3a, 0xc0, 0x14, 0xe2, 0x5, 0x4a, 0x0,

    /* U+0022 "\"" */
    0xf, 0xfc, 0xe0, 0x1f, 0x5f, 0xfd, 0x80, 0x1f,
    0xfd, 0x31, 0x0, 0xfe, 0x10, 0xf, 0xf9, 0xc0,
    0x3f, 0xf8, 0xe2, 0x1, 0xff, 0x18, 0x7, 0xff,
    0x3c, 0xc0, 0x3f, 0xe1, 0x3, 0x0, 0xff, 0x84,
    0x3, 0xff, 0x9e, 0x20, 0x1f, 0xf1, 0x80, 0x7f,
    0xf1, 0xc4, 0x3, 0xfe, 0xf0, 0xf, 0xe7, 0x0,
    0xff, 0x84, 0x3, 0xff, 0x8e, 0xe0, 0x1f, 0xf0,
    0x80, 0x7f, 0x8, 0x7, 0xfd, 0xe0, 0x1f, 0xfc,
    0x71, 0x1c, 0x1, 0xf8, 0xc4, 0x70,

    /* U+0023 "#" */
    0x0, 0xff, 0xe1, 0x1f, 0xfd, 0x80, 0x1f, 0xfc,
    0x28, 0xff, 0x98, 0x3, 0xff, 0x94, 0xc0, 0x13,
    0x0, 0x7f, 0xf0, 0x88, 0x2, 0x20, 0xf, 0xfe,
    0x51, 0x0, 0x44, 0x1, 0xff, 0xc2, 0x60, 0x9,
    0x80, 0x3f, 0xf9, 0x5c, 0x1, 0x70, 0x7, 0xff,
    0x8, 0x80, 0x22, 0x0, 0xff, 0xe5, 0x10, 0x4,
    0x40, 0x1f, 0xfc, 0x21, 0x0, 0x8, 0x7, 0xff,
    0x2d, 0x80, 0x26, 0x0, 0xff, 0xe0, 0x90, 0x4,
    0x40, 0x1f, 0xfc, 0xb2, 0x0, 0x88, 0x3, 0xff,
    0x82, 0xc0, 0x13, 0x0, 0x7f, 0xf2, 0x84, 0x2,
    0x10, 0xf, 0xfe, 0x10, 0x80, 0x44, 0x1, 0xff,
    0xca, 0x20, 0x8, 0x80, 0x3f, 0xf8, 0x44, 0x1,
    0x70, 0x7, 0xff, 0x29, 0x80, 0x26, 0x0, 0xff,
    0xe1, 0x70, 0x4, 0x40, 0x1f, 0xfc, 0xa2, 0x0,
    0x88, 0x3, 0xff, 0x84, 0x40, 0x13, 0x0, 0x7f,
    0xf2, 0xb8, 0x2, 0xe0, 0xf, 0xfe, 0x13, 0x0,
    0x44, 0x1, 0xff, 0xca, 0x20, 0x8, 0x80, 0x3f,
    0xf8, 0x44, 0x0, 0x10, 0xf, 0xfe, 0x4, 0xff,
    0xff, 0x90, 0x2, 0xbf, 0xff, 0xfe, 0x10, 0x4,
    0x3f, 0xff, 0xdc, 0x1, 0xff, 0xe1, 0x10, 0xf,
    0xff, 0xf8, 0x7, 0xff, 0x1e, 0x7f, 0xff, 0xa8,
    0x2, 0x5f, 0xff, 0xfe, 0x13, 0x0, 0x57, 0xff,
    0xfe, 0x0, 0xff, 0xe0, 0x10, 0x4, 0x40, 0x1f,
    0xfc, 0x22, 0x0, 0x98, 0x3, 0xff, 0x95, 0xc0,
    0x17, 0x0, 0x7f, 0xf0, 0x98, 0x2, 0x20, 0xf,
    0xfe, 0x51, 0x0, 0x44, 0x1, 0xff, 0xc2, 0x20,
    0x0, 0x80, 0x7f, 0xf2, 0xd8, 0x2, 0x60, 0xf,
    0xfe, 0x8, 0x80, 0x44, 0x1, 0xff, 0xcb, 0x20,
    0x8, 0x80, 0x3f, 0xf8, 0x24, 0x1, 0x30, 0x7,
    0xff, 0x28, 0x40, 0x21, 0x0, 0xff, 0xe1, 0x30,
    0x4, 0x40, 0x1f, 0xfc, 0xa2, 0x0, 0x94, 0x3,
    0xff, 0x84, 0x40, 0x17, 0x0, 0x7f, 0xf2, 0x98,
    0x2, 0x20, 0xf, 0xfe, 0x17, 0x0, 0x44, 0x1,
    0xff, 0xca, 0x20, 0xb, 0x80, 0x3f, 0xf8, 0x44,
    0x1, 0x30, 0x7, 0xff, 0x2b, 0x80, 0x22, 0x0,
    0xff, 0xe1, 0x30, 0x4, 0x40, 0x1f, 0xfc, 0xa2,
    0x0, 0x98, 0x3, 0xff, 0x84, 0x40, 0x1, 0x0,
    0xff, 0xe5, 0xb0, 0x4, 0x40, 0x1f, 0xfc, 0x11,
    0x0, 0x88, 0x3, 0xff, 0x96, 0x40, 0x10, 0x80,
    0x7f, 0xf0, 0x48, 0x2, 0x60, 0xf, 0xfe, 0x50,
    0x80, 0x44, 0x1, 0xff, 0xc2, 0x60, 0x8, 0x80,
    0x3f, 0xf8, 0x1b, 0xff, 0xfd, 0xc0, 0x11, 0x7f,
    0xff, 0xf0, 0xa8, 0x2, 0x7f, 0xff, 0xe9, 0x0,
    0x18, 0x7, 0xff, 0x78, 0xc0, 0x3f, 0xff, 0xe0,
    0x1f, 0xfc, 0x7e, 0xff, 0xfe, 0x50, 0xb, 0x3f,
    0xff, 0xf8, 0x40, 0x1b, 0xff, 0xfd, 0x40, 0x1f,
    0xfc, 0x6, 0x0, 0x88, 0x3, 0xff, 0x82, 0x20,
    0x11, 0x0, 0x7f, 0xf2, 0xc8, 0x2, 0x10, 0xf,
    0xfe, 0x9, 0x0, 0x4c, 0x1, 0xff, 0xcb, 0x10,
    0x1, 0x0, 0x7f, 0xf0, 0x98, 0x2, 0x20, 0xf,
    0xfe, 0x51, 0x0, 0x4c, 0x1, 0xff, 0xc2, 0x20,
    0xb, 0x80, 0x3f, 0xf9, 0x4c, 0x1, 0x10, 0x7,
    0xff, 0xb, 0x80, 0x22, 0x0, 0xff, 0xe5, 0x10,
    0x5, 0xc0, 0x1f, 0xfc, 0x22, 0x0, 0x98, 0x3,
    0xff, 0x95, 0xc0, 0x11, 0x0, 0x7f, 0xf0, 0x98,
    0x2, 0x20, 0xf, 0xfe, 0x51, 0x0, 0x4c, 0x1,
    0xff, 0xc2, 0x20, 0x8, 0x40, 0x3f, 0xf9, 0x4c,
    0x1, 0x10, 0x7, 0xff, 0x4, 0x40, 0x22, 0x0,
    0xff, 0xe5, 0x90, 0x4, 0x20, 0x1f, 0xfc, 0x12,
    0x0, 0x98, 0x3, 0xff, 0x96, 0x20, 0x2, 0x0,
    0xff, 0xe1, 0x30, 0x4, 0x40, 0x1f, 0xfc, 0xa2,
    0x0, 0x98, 0x3, 0xff, 0x84, 0x40, 0x17, 0x0,
    0x7f, 0xf2, 0x98, 0x2, 0x20, 0xf, 0xfe, 0x17,
    0x0, 0x44, 0x1, 0xff, 0xc2,

    /* U+0024 "$" */
    0x0, 0xff, 0xe2, 0xb7, 0xfc, 0x60, 0x1f, 0xff,
    0xf0, 0xf, 0xff, 0xf8, 0x7, 0xff, 0xfc, 0x3,
    0xff, 0xfe, 0x1, 0xff, 0xd4, 0x25, 0x8b, 0xd9,
    0x0, 0xb3, 0xb6, 0xa1, 0x44, 0x3, 0xff, 0x8e,
    0x2f, 0xba, 0xa7, 0x42, 0x0, 0xe1, 0x25, 0x7a,
    0xed, 0x83, 0x0, 0xff, 0xe1, 0xc, 0xf4, 0x10,
    0x7, 0xff, 0x10, 0x9f, 0x35, 0x80, 0x3f, 0xe4,
    0xf6, 0x0, 0xff, 0xe5, 0x14, 0xf3, 0x0, 0x7e,
    0x7b, 0x10, 0xf, 0x85, 0xc, 0x2, 0x55, 0x18,
    0x80, 0x7e, 0x19, 0x90, 0x7, 0x9e, 0x0, 0x3c,
    0x73, 0xdc, 0xba, 0x0, 0xa6, 0xb3, 0xb9, 0x4c,
    0x20, 0x1e, 0xc0, 0xe, 0x38, 0x0, 0xe3, 0xcc,
    0x30, 0x80, 0x7f, 0x85, 0x67, 0xad, 0x0, 0x21,
    0x50, 0xe, 0xe0, 0xe, 0x7c, 0x30, 0xf, 0xfe,
    0x2a, 0x5e, 0xa8, 0x48, 0x7, 0x29, 0x0, 0x66,
    0x80, 0xf, 0xfe, 0x49, 0x55, 0xb0, 0x7, 0x70,
    0x6, 0x29, 0x0, 0xff, 0xe6, 0x20, 0x80, 0x72,
    0x0, 0x6b, 0x0, 0xff, 0xe9, 0x98, 0x7, 0x38,
    0x7, 0xff, 0x4d, 0x80, 0x30, 0x88, 0x3, 0xff,
    0xa6, 0x60, 0x18, 0xc0, 0x3f, 0xfa, 0x86, 0x1,
    0x88, 0x3, 0xff, 0xa8, 0x20, 0x1c, 0x40, 0x1f,
    0xfd, 0x35, 0x0, 0xea, 0x0, 0xff, 0xe9, 0x89,
    0x0, 0x67, 0x20, 0xf, 0xfe, 0x9d, 0x80, 0x76,
    0x10, 0x7, 0xff, 0x49, 0x88, 0x3, 0xe, 0xb0,
    0x7, 0xff, 0x4b, 0x80, 0x3d, 0x3a, 0xc2, 0x1,
    0xff, 0xcf, 0x3b, 0x0, 0xf1, 0x4f, 0x5b, 0x10,
    0x7, 0xff, 0x35, 0x30, 0x40, 0x3e, 0x49, 0xd9,
    0x0, 0xff, 0xe6, 0x9f, 0x38, 0x7, 0xff, 0x7,
    0x69, 0x84, 0x3, 0xff, 0x91, 0x1c, 0xe2, 0x1,
    0xfe, 0x15, 0x9e, 0xd8, 0x30, 0xf, 0xfe, 0x30,
    0xc7, 0x5a, 0x88, 0x7, 0xfc, 0x4f, 0x9c, 0xe2,
    0x1, 0xff, 0xc6, 0x4a, 0xec, 0x84, 0x0, 0xff,
    0x86, 0x3a, 0x44, 0x3, 0xff, 0x8e, 0x6f, 0x72,
    0x1, 0xff, 0xc1, 0x6f, 0x50, 0xf, 0xfe, 0x6e,
    0x62, 0xc, 0x3, 0xe1, 0xa8, 0x0, 0xff, 0xe6,
    0x9b, 0xe7, 0x41, 0x0, 0x79, 0xe0, 0x3, 0xff,
    0x9e, 0x2f, 0xb2, 0x20, 0x1c, 0xe8, 0x1, 0xff,
    0xd1, 0x6f, 0x30, 0xe, 0x90, 0xf, 0xfe, 0x90,
    0xe1, 0x80, 0x62, 0x40, 0xf, 0xfe, 0x9f, 0x0,
    0x76, 0x0, 0x7f, 0xf4, 0xc9, 0x0, 0x31, 0x80,
    0x7f, 0xf5, 0x30, 0x3, 0x30, 0x7, 0xff, 0x50,
    0x40, 0x31, 0x80, 0x7f, 0xf6, 0x4c, 0x3, 0xff,
    0xa9, 0xc0, 0x19, 0x80, 0x4, 0x1, 0xff, 0xd1,
    0x50, 0xc, 0x60, 0x3b, 0x20, 0x1f, 0xfc, 0xf5,
    0x20, 0xd, 0x61, 0x20, 0xda, 0x60, 0x1f, 0xfc,
    0xc1, 0xb0, 0xc, 0x46, 0x2e, 0x0, 0x2c, 0xa2,
    0x0, 0xff, 0xe4, 0x96, 0x8, 0x6, 0x80, 0x70,
    0xe, 0x5d, 0xb4, 0x0, 0xff, 0xe3, 0x3e, 0x90,
    0x6, 0x55, 0x3, 0x38, 0x7, 0x92, 0xfa, 0x54,
    0x40, 0x3f, 0xe4, 0x9e, 0x80, 0xe, 0x2b, 0x0,
    0xa2, 0xc4, 0x3, 0xc2, 0xd5, 0xdc, 0xca, 0xa0,
    0x5, 0x17, 0xbf, 0x6c, 0x20, 0x1c, 0x78, 0x20,
    0x19, 0x39, 0xc0, 0x3f, 0x84, 0xd4, 0xc0, 0x24,
    0x41, 0x0, 0x7e, 0x6c, 0x10, 0xf, 0xa3, 0xa0,
    0x80, 0x3f, 0xf9, 0x47, 0x92, 0x1, 0xfe, 0x17,
    0xdc, 0x62, 0x0, 0xff, 0xe2, 0xb, 0x66, 0xc,
    0x3, 0xff, 0x84, 0x73, 0xbd, 0x4e, 0xa6, 0x20,
    0x1c, 0x46, 0xd3, 0x9d, 0x26, 0x1, 0xff, 0xc7,
    0x15, 0x8a, 0xce, 0x90, 0xb, 0x37, 0x25, 0x8c,
    0x3, 0xff, 0xfe, 0x1, 0xff, 0xff, 0x0, 0xff,
    0xff, 0x80, 0x7f, 0xfa, 0x0,

    /* U+0025 "%" */
    0x0, 0xf9, 0x6b, 0x7f, 0xed, 0x94, 0x0, 0xff,
    0xe6, 0xb7, 0xfd, 0x80, 0x1f, 0xfc, 0x16, 0xea,
    0x52, 0x0, 0x89, 0xaf, 0x50, 0x3, 0xff, 0x94,
    0x52, 0x1, 0x70, 0x7, 0xff, 0x2, 0xe4, 0x40,
    0x3f, 0x8a, 0xe0, 0x3, 0xff, 0x93, 0xc0, 0x14,
    0x10, 0x7, 0xfd, 0x88, 0x1, 0x1c, 0x5e, 0x5b,
    0x90, 0x4, 0xf0, 0x1, 0xff, 0xc7, 0x73, 0x0,
    0x1b, 0x80, 0x7f, 0xd2, 0x60, 0x1, 0xbc, 0x74,
    0x34, 0x8d, 0x90, 0x9, 0xd4, 0x3, 0xff, 0x8a,
    0x70, 0x1, 0x70, 0x7, 0xfc, 0x6c, 0x0, 0x1c,
    0x40, 0xf, 0x9a, 0xc0, 0x2b, 0x0, 0xff, 0xe2,
    0xf0, 0x5, 0x24, 0x1, 0xff, 0x40, 0x5, 0x44,
    0x1, 0xfc, 0x8e, 0x0, 0x17, 0x0, 0xff, 0xe1,
    0xc1, 0x0, 0x11, 0x80, 0x3f, 0xe1, 0x40, 0x2,
    0x20, 0x3, 0xfe, 0x81, 0x0, 0x48, 0x7, 0xff,
    0x9, 0x1c, 0x0, 0x34, 0x1, 0xff, 0xc0, 0x70,
    0xb, 0xc0, 0x3f, 0xf8, 0x2c, 0x0, 0x13, 0x0,
    0xff, 0xe0, 0xd0, 0x5, 0x62, 0x1, 0xff, 0xc0,
    0xc0, 0x9, 0x0, 0x3f, 0xf8, 0x36, 0x1, 0x20,
    0x7, 0xff, 0x2, 0x44, 0x0, 0xaa, 0x0, 0xff,
    0xe0, 0xb0, 0x0, 0x80, 0x3f, 0xf8, 0x46, 0x1,
    0x70, 0x7, 0xfc, 0x8c, 0x0, 0x1b, 0x0, 0xff,
    0xe1, 0x10, 0x1, 0x80, 0x3f, 0xf8, 0x62, 0x0,
    0x20, 0xf, 0xf0, 0xd0, 0x5, 0x42, 0x1, 0xff,
    0xc2, 0x10, 0x0, 0x80, 0x7f, 0xf0, 0xcc, 0x0,
    0xe0, 0x1f, 0xeb, 0x10, 0x3, 0x20, 0x7, 0xff,
    0x8d, 0x54, 0x0, 0x29, 0x0, 0xff, 0xe2, 0x8,
    0x7, 0xff, 0x18, 0xc0, 0xe, 0x1, 0xf8, 0x68,
    0x2, 0xe0, 0xf, 0xfe, 0x29, 0x80, 0x18, 0x3,
    0xff, 0x86, 0x20, 0x1, 0x0, 0xfd, 0x40, 0x13,
    0x98, 0x7, 0xff, 0x15, 0xc0, 0x6, 0x1, 0xff,
    0xc2, 0x20, 0xb, 0x40, 0x3e, 0x64, 0x0, 0x1c,
    0x0, 0x7f, 0xf1, 0xb4, 0x2, 0x30, 0xf, 0xfe,
    0xa, 0x80, 0x46, 0x1, 0xe2, 0x90, 0xb, 0x80,
    0x3f, 0xf8, 0xea, 0x1, 0x50, 0x7, 0xff, 0x6,
    0x80, 0x2, 0x80, 0x1e, 0xe0, 0xa, 0x8, 0x3,
    0xff, 0x8e, 0x46, 0x0, 0x62, 0x0, 0xff, 0x94,
    0x80, 0xe, 0x1, 0xe7, 0x30, 0x2, 0x38, 0x7,
    0xff, 0x26, 0x40, 0x2e, 0x0, 0xff, 0x15, 0x80,
    0x50, 0x1, 0xc7, 0x0, 0x14, 0x80, 0x7f, 0xf2,
    0x95, 0x0, 0x7, 0x82, 0x1, 0xf1, 0xe0, 0x80,
    0x20, 0x40, 0x3b, 0x80, 0x29, 0x20, 0xf, 0xfe,
    0x5d, 0x8, 0x0, 0xfa, 0xc, 0x0, 0x29, 0x58,
    0x20, 0x4, 0x70, 0xe, 0x92, 0x0, 0x23, 0x0,
    0x7e, 0x13, 0x31, 0x0, 0x7f, 0xf0, 0x7, 0x4,
    0x2, 0x7c, 0xff, 0x75, 0xa8, 0x4, 0x96, 0x1,
    0xc8, 0xc0, 0x1, 0xa0, 0xf, 0x14, 0xf7, 0x33,
    0x1b, 0xf8, 0xe2, 0x1, 0xfc, 0x5e, 0xa0, 0x1f,
    0xf4, 0x58, 0x7, 0xa8, 0x2, 0xb1, 0x0, 0xe9,
    0xd6, 0x10, 0xe, 0x38, 0xe6, 0x0, 0xfe, 0x1a,
    0xc6, 0x10, 0xe, 0x27, 0xe7, 0x0, 0xf5, 0x8,
    0x1, 0x94, 0x3, 0xe, 0xb0, 0x7, 0xfd, 0x32,
    0x0, 0xff, 0x1c, 0xf7, 0x33, 0x2f, 0xd8, 0x10,
    0xf, 0x2a, 0x80, 0x3, 0x20, 0x18, 0x70, 0x80,
    0x27, 0xcf, 0xf7, 0x52, 0x0, 0x4d, 0x20, 0x1f,
    0xfc, 0x1, 0x33, 0x80, 0x3f, 0x86, 0xc0, 0x2a,
    0x0, 0xeb, 0x20, 0x1, 0xf4, 0x18, 0x0, 0x56,
    0xe8, 0x2, 0x64, 0x0, 0xff, 0xe6, 0x50, 0x80,
    0x19, 0x0, 0x32, 0x28, 0x0, 0xb0, 0x40, 0x3e,
    0x5b, 0x0, 0xa4, 0x3, 0xff, 0x96, 0xc8, 0x0,
    0x29, 0x0, 0xe8, 0x0, 0xbc, 0x3, 0xfc, 0x8c,
    0x0, 0x25, 0x0, 0xff, 0xe4, 0x94, 0x80, 0x5c,
    0x1, 0xc4, 0x60, 0x6, 0x20, 0xf, 0xfa, 0x0,
    0x29, 0x0, 0xff, 0xe4, 0xc8, 0x5, 0x6, 0x1,
    0xca, 0x1, 0x50, 0x7, 0xff, 0x0, 0x54, 0x0,
    0x62, 0x1, 0xff, 0xc7, 0x74, 0x0, 0x1b, 0x80,
    0x7b, 0x0, 0x2, 0x60, 0x1f, 0xfc, 0x1f, 0x0,
    0x94, 0x3, 0xff, 0x8c, 0x50, 0x1, 0x70, 0x7,
    0xca, 0x0, 0x50, 0xf, 0xfe, 0x13, 0x80, 0x46,
    0x1, 0xff, 0xc6, 0xe0, 0xa, 0x48, 0x3, 0xe1,
    0x0, 0x10, 0x7, 0xff, 0x8, 0x80, 0x2e, 0x0,
    0xff, 0xe2, 0xc1, 0x80, 0x11, 0x80, 0x3e, 0x10,
    0x8, 0x40, 0x3f, 0xf8, 0xc6, 0x1, 0xff, 0xc4,
    0x37, 0x0, 0xa8, 0x3, 0xff, 0xc9, 0xc0, 0x15,
    0x8, 0x7, 0xff, 0x8e, 0x48, 0x0, 0xaa, 0x0,
    0xfe, 0x10, 0x8, 0x80, 0x3f, 0xf8, 0xc4, 0x1,
    0xff, 0xc2, 0x46, 0x0, 0xd, 0x80, 0x7f, 0xc4,
    0x0, 0x60, 0xf, 0xfe, 0x11, 0x80, 0x5c, 0x1,
    0xff, 0xc1, 0x1a, 0x0, 0xa8, 0x40, 0x3f, 0xe7,
    0x0, 0x18, 0x7, 0xff, 0x9, 0x40, 0x25, 0x0,
    0xff, 0xe0, 0xd8, 0x80, 0x19, 0x0, 0x3f, 0xf8,
    0x18, 0x1, 0x20, 0x7, 0xff, 0x7, 0x40, 0x23,
    0x0, 0xff, 0xe0, 0x2a, 0x80, 0x3, 0x20, 0x1f,
    0xfc, 0x17, 0x0, 0xbc, 0x3, 0xff, 0x80, 0x48,
    0x0, 0x50, 0xf, 0xfe, 0x0, 0xd8, 0x5, 0x40,
    0x1f, 0xfc, 0x21, 0x50, 0x2, 0x20, 0x3, 0xfe,
    0x90, 0xb, 0x80, 0x3f, 0xf8, 0x14, 0x20, 0x7,
    0x40, 0xf, 0xfe, 0x1c, 0x0, 0x54, 0x40, 0x1f,
    0xce, 0x80, 0x3, 0x40, 0xf, 0xf9, 0x90, 0x0,
    0x50, 0x1, 0xff, 0xc4, 0x27, 0x0, 0xe, 0x20,
    0x7, 0xd3, 0x0, 0x17, 0x0, 0x7f, 0xc5, 0x20,
    0x17, 0x0, 0x7f, 0xf1, 0xa1, 0x0, 0x3, 0x78,
    0xe8, 0x6b, 0x3c, 0xc0, 0x15, 0x10, 0x7, 0xfd,
    0xc0, 0x14, 0x18, 0x7, 0xff, 0x1e, 0xd4, 0x2,
    0x38, 0xbc, 0xa6, 0x10, 0xa, 0x54, 0x3, 0xfe,
    0x73, 0x0, 0x1b, 0x80, 0x7f, 0xf2, 0x6a, 0x44,
    0x3, 0xf8, 0xf1, 0x80, 0x3f, 0xe2, 0x80, 0xb,
    0x80, 0x3f, 0xf9, 0x6d, 0xd4, 0xa4, 0x1, 0x1b,
    0x66, 0xc, 0x3, 0x80,

    /* U+0026 "&" */
    0x0, 0xff, 0xe1, 0x24, 0xe7, 0x7f, 0xdd, 0x92,
    0xa0, 0x1f, 0xfd, 0x48, 0xeb, 0x63, 0x10, 0x8,
    0x4d, 0xab, 0x9c, 0x3, 0xff, 0xa0, 0x9c, 0xe2,
    0x1, 0xff, 0xc, 0x69, 0x0, 0x7f, 0xf3, 0x56,
    0xc4, 0x3, 0xc4, 0x64, 0x1, 0xe2, 0xc2, 0x0,
    0xff, 0xe5, 0x9d, 0x0, 0x73, 0x67, 0xee, 0x6f,
    0xeb, 0x80, 0x61, 0xf0, 0xf, 0xfe, 0x5f, 0x0,
    0x62, 0xd9, 0x30, 0xe, 0x28, 0xd2, 0x0, 0x89,
    0x80, 0x3f, 0xf9, 0x2a, 0x40, 0x10, 0xe1, 0x0,
    0x7f, 0x16, 0x0, 0x6b, 0x0, 0xff, 0xe4, 0xf0,
    0x6, 0xb1, 0x0, 0xff, 0x85, 0xc0, 0x22, 0x10,
    0xf, 0xfe, 0x42, 0x0, 0x42, 0xa0, 0x1f, 0xfc,
    0x1b, 0x0, 0xca, 0x1, 0xff, 0xc7, 0x10, 0xc,
    0xa0, 0x1f, 0xfc, 0x22, 0x0, 0xc2, 0x1, 0xff,
    0xc7, 0x30, 0xc, 0x40, 0x1f, 0xfc, 0x71, 0x0,
    0xff, 0xe3, 0x98, 0x6, 0x30, 0xf, 0xfe, 0x12,
    0x80, 0x67, 0x0, 0xff, 0xe3, 0x88, 0x6, 0x70,
    0xf, 0xfe, 0x16, 0x80, 0x63, 0x0, 0xff, 0xe4,
    0x10, 0x4, 0x42, 0x1, 0xff, 0xc0, 0x26, 0x0,
    0x98, 0x3, 0xff, 0x92, 0xa0, 0x1a, 0x40, 0x3f,
    0xe1, 0xf0, 0xd, 0x60, 0x1f, 0xfc, 0x9a, 0x0,
    0xce, 0x40, 0x1f, 0xc5, 0x84, 0x1, 0x39, 0x0,
    0x7f, 0xf2, 0x49, 0x40, 0x37, 0x80, 0x7e, 0x4c,
    0x20, 0x9, 0x20, 0x3, 0xff, 0x97, 0x62, 0x1,
    0x15, 0x80, 0x7a, 0x6c, 0x40, 0x24, 0xb0, 0xf,
    0xfe, 0x60, 0xd8, 0x6, 0x49, 0x0, 0x97, 0x98,
    0x3, 0x35, 0x80, 0x7f, 0xf3, 0x95, 0xc0, 0x33,
    0x41, 0x5d, 0x8, 0x6, 0xa9, 0x0, 0xff, 0xe8,
    0x42, 0x80, 0x67, 0xd4, 0x0, 0xc9, 0xaa, 0x1,
    0xff, 0xd2, 0xa3, 0x0, 0xfc, 0x35, 0x64, 0x1,
    0xff, 0xd4, 0xb0, 0xf, 0x9f, 0x94, 0x3, 0xff,
    0xa8, 0x79, 0x0, 0x1f, 0x70, 0x7, 0xff, 0x56,
    0x70, 0xc0, 0x3f, 0x4a, 0x80, 0x7f, 0xf4, 0x8f,
    0x58, 0x3, 0x15, 0x10, 0x6, 0xa5, 0x0, 0xff,
    0xe8, 0x36, 0x10, 0x6, 0x7d, 0x5c, 0x20, 0xd,
    0x4a, 0x1, 0xff, 0xce, 0x89, 0x0, 0xc7, 0xb0,
    0x0, 0x1c, 0x10, 0xd, 0x48, 0x1, 0xff, 0xc0,
    0x86, 0x20, 0xf, 0xe9, 0x70, 0xc, 0xf8, 0x40,
    0x18, 0x70, 0x40, 0x35, 0xa0, 0x7, 0xfc, 0xf3,
    0xba, 0x30, 0xf, 0x3b, 0x0, 0x6a, 0x80, 0xf,
    0x8b, 0x4, 0x3, 0x5a, 0x0, 0x7f, 0x18, 0x4,
    0x40, 0x1e, 0x48, 0x0, 0xd6, 0xa0, 0x1f, 0xc5,
    0x82, 0x1, 0xad, 0x0, 0x3f, 0x20, 0x6, 0x30,
    0xe, 0xa0, 0xd, 0x28, 0x1, 0xff, 0x16, 0x8,
    0x6, 0xb3, 0x0, 0xfa, 0xc0, 0x24, 0x0, 0xe6,
    0x10, 0x9, 0x18, 0x3, 0xff, 0x82, 0x5a, 0x20,
    0x1b, 0xc, 0x3, 0x88, 0xc0, 0x2d, 0x0, 0xeb,
    0x0, 0xd2, 0x1, 0xff, 0xc3, 0x3d, 0x0, 0xed,
    0x30, 0xd, 0x40, 0x19, 0xc0, 0x30, 0x90, 0x4,
    0x44, 0x0, 0xff, 0xe2, 0x1e, 0x0, 0x61, 0xd2,
    0x0, 0x98, 0x2, 0x41, 0x0, 0xc8, 0x1, 0x90,
    0x3, 0xff, 0x8c, 0x78, 0x1, 0x87, 0x8, 0x18,
    0x40, 0x2e, 0x0, 0xe3, 0x0, 0xc2, 0x1, 0xff,
    0xc7, 0x3b, 0x0, 0xc3, 0x87, 0x0, 0x10, 0xa8,
    0x7, 0x8, 0x7, 0xff, 0x35, 0x2c, 0x3, 0xe,
    0x8, 0x5, 0x0, 0x1e, 0x10, 0xc, 0x40, 0x1f,
    0xfc, 0x94, 0xb0, 0xf, 0xc4, 0xc0, 0x1e, 0x20,
    0xc, 0x80, 0x1f, 0xfc, 0xa4, 0xb0, 0xf, 0xa4,
    0x3, 0xe5, 0x0, 0xc2, 0xa0, 0x1f, 0xfc, 0xa4,
    0x90, 0xe, 0x15, 0x0, 0xf8, 0x50, 0x3, 0x58,
    0x80, 0x7f, 0xf2, 0x4a, 0xc0, 0x38, 0x70, 0x40,
    0x3e, 0xf0, 0xc, 0x3a, 0x20, 0x1f, 0xfc, 0x75,
    0xc2, 0x0, 0xf1, 0x60, 0x80, 0x79, 0x14, 0x3,
    0x1e, 0x20, 0x7, 0xff, 0x10, 0xae, 0x84, 0x2,
    0x10, 0xc, 0x5a, 0x20, 0x1e, 0xa2, 0x0, 0xc5,
    0x76, 0x40, 0xf, 0xfe, 0x2, 0xde, 0xa0, 0x6,
    0x2c, 0x90, 0xc, 0x7a, 0x1, 0xf6, 0x18, 0x7,
    0x25, 0xf5, 0x3a, 0xa1, 0xa2, 0x1a, 0x33, 0xe9,
    0x0, 0x39, 0x30, 0x9a, 0x40, 0x31, 0xe0, 0x7,
    0x87, 0x14, 0x3, 0xc2, 0xb1, 0x57, 0x97, 0x69,
    0x73, 0x0, 0xf0, 0xcd, 0x88, 0x1, 0xa0, 0x3,
    0x1e, 0x0, 0x7d, 0x56, 0x40, 0x1f, 0xfc, 0x87,
    0xf6, 0x0, 0xe7, 0x80, 0xc, 0x76, 0x1, 0xf2,
    0x6d, 0xa0, 0x7, 0xff, 0xc, 0xe7, 0xa0, 0x40,
    0x3e, 0x78, 0x0, 0xff, 0xe1, 0x25, 0xf5, 0x3a,
    0x10, 0x80, 0x42, 0x48, 0xf5, 0xd8, 0xc2, 0x1,
    0xfe, 0x77, 0x0, 0xa, 0x80, 0x3f, 0xe1, 0x58,
    0xbd, 0xef, 0xfb, 0xb6, 0xe1, 0x44, 0x3, 0xff,
    0x85, 0xe, 0x38, 0x20, 0x1f, 0xfd, 0xd8, 0xf1,
    0x0, 0x0,

    /* U+0027 "'" */
    0xf, 0xfc, 0xe0, 0x1f, 0xfc, 0x51, 0x0, 0xf8,
    0x40, 0x3f, 0xf8, 0x66, 0x6, 0x1, 0xff, 0xc3,
    0x10, 0xf, 0x84, 0x3, 0xf9, 0xc0, 0x3e, 0x70,
    0xf, 0xe1, 0x0, 0xf8, 0x47, 0x0,

    /* U+0028 "(" */
    0x0, 0xfc, 0xff, 0xf9, 0xc0, 0x3e, 0x18, 0x0,
    0x85, 0xc0, 0x3e, 0x80, 0xd, 0x0, 0x1f, 0x13,
    0x0, 0x44, 0xc0, 0x1f, 0x58, 0x6, 0xb0, 0xf,
    0x85, 0x80, 0x21, 0x60, 0xf, 0x98, 0x3, 0x30,
    0x7, 0xe9, 0x0, 0xd2, 0x1, 0xf2, 0x8, 0x4,
    0x82, 0x1, 0xf7, 0x0, 0x6e, 0x0, 0xfc, 0xa0,
    0x19, 0x40, 0x3e, 0x50, 0xc, 0xa0, 0x1f, 0xbc,
    0x3, 0x78, 0x7, 0xe4, 0x0, 0xc8, 0x1, 0xf1,
    0x8, 0x4, 0x62, 0x1, 0xf2, 0x80, 0x64, 0x0,
    0xfd, 0xa0, 0x1b, 0x40, 0x3f, 0x20, 0x6, 0x40,
    0xf, 0x84, 0x40, 0x10, 0x88, 0x3, 0xe5, 0x0,
    0xca, 0x1, 0xf8, 0xc0, 0x31, 0x80, 0x7e, 0xd0,
    0xd, 0xc0, 0x1f, 0x98, 0x3, 0x10, 0x7, 0xe2,
    0x0, 0xcc, 0x1, 0xf8, 0x40, 0x31, 0x0, 0x7c,
    0x40, 0x18, 0x40, 0x3f, 0x8, 0x6, 0x30, 0xf,
    0xce, 0x1, 0x98, 0x3, 0xf0, 0x80, 0x61, 0x0,
    0xfc, 0x60, 0x1f, 0xfc, 0x11, 0x0, 0xc6, 0x1,
    0xff, 0xc1, 0x10, 0xf, 0xde, 0x1, 0xff, 0xdd,
    0xf0, 0xf, 0xfe, 0x30, 0x80, 0x7e, 0x10, 0xc,
    0x60, 0x1f, 0x8c, 0x3, 0xff, 0x82, 0x20, 0x18,
    0x40, 0x3f, 0x38, 0x6, 0x70, 0xf, 0xc2, 0x1,
    0x88, 0x3, 0xf1, 0x0, 0x61, 0x0, 0xfe, 0x10,
    0xc, 0x20, 0x1f, 0x88, 0x3, 0x10, 0x7, 0xe6,
    0x0, 0xca, 0x1, 0xfb, 0x40, 0x37, 0x0, 0x7e,
    0x30, 0xc, 0x60, 0x1f, 0x94, 0x3, 0x28, 0x7,
    0xe1, 0x10, 0x4, 0x22, 0x0, 0xfc, 0x80, 0x19,
    0x0, 0x3f, 0x60, 0x6, 0xd0, 0xf, 0xc8, 0x1,
    0x90, 0x3, 0xf1, 0x8, 0x4, 0x62, 0x1, 0xf9,
    0xc0, 0x32, 0x0, 0x7e, 0xd0, 0xd, 0xe0, 0x1f,
    0x90, 0x3, 0x28, 0x7, 0xf3, 0x0, 0x65, 0x0,
    0xfd, 0xa0, 0x1b, 0x80, 0x3f, 0x21, 0x0, 0x48,
    0x20, 0x1f, 0xa8, 0x3, 0x48, 0x7, 0xe6, 0x0,
    0xcc, 0x1, 0xf8, 0x58, 0x2, 0x16, 0x0, 0xfd,
    0x0, 0x1a, 0xc0, 0x3f, 0xb, 0x0, 0x44, 0xc0,
    0x1f, 0xa0, 0x3, 0x40, 0x7, 0xe1, 0x80, 0x8,
    0x5c,

    /* U+0029 ")" */
    0xd, 0xff, 0xc4, 0x1, 0xfd, 0x20, 0x1a, 0x40,
    0x3f, 0x90, 0xc0, 0x24, 0x40, 0x7, 0xf7, 0x80,
    0x68, 0x0, 0xfe, 0x33, 0x0, 0x46, 0x80, 0x1f,
    0xd0, 0x1, 0xa0, 0x3, 0xf9, 0x8, 0x2, 0x33,
    0x0, 0x7f, 0x58, 0x6, 0xa0, 0xf, 0xe7, 0x0,
    0xcc, 0x1, 0xfc, 0x2a, 0x1, 0x98, 0x3, 0xfb,
    0xc0, 0x36, 0x80, 0x7f, 0x28, 0x6, 0x41, 0x0,
    0xfe, 0x50, 0xc, 0x80, 0x1f, 0xd8, 0x1, 0xbc,
    0x3, 0xf9, 0xc0, 0x32, 0x0, 0x7f, 0x9, 0x0,
    0x42, 0x40, 0x1f, 0xce, 0x1, 0x90, 0x3, 0xfb,
    0x0, 0x37, 0x80, 0x7f, 0x28, 0x6, 0x50, 0xf,
    0xe3, 0x0, 0xc6, 0x1, 0xfe, 0x20, 0xc, 0x40,
    0x1f, 0xcc, 0x1, 0x9c, 0x3, 0xf8, 0x80, 0x31,
    0x0, 0x7f, 0x70, 0x6, 0xe0, 0xf, 0xe2, 0x0,
    0xc4, 0x1, 0xfc, 0xc0, 0x19, 0x80, 0x3f, 0x84,
    0x3, 0x18, 0x7, 0xf1, 0x0, 0x61, 0x0, 0xff,
    0xe9, 0x8, 0x7, 0xf0, 0x80, 0x63, 0x0, 0xfe,
    0x30, 0xf, 0xfe, 0x38, 0x80, 0x7f, 0xf8, 0x4,
    0x3, 0xf8, 0xc0, 0x3f, 0xf8, 0x42, 0x1, 0x8c,
    0x3, 0xff, 0x84, 0x20, 0x1f, 0xfc, 0xb1, 0x0,
    0xc2, 0x1, 0xfc, 0x40, 0x18, 0xc0, 0x3f, 0x98,
    0x3, 0x30, 0x7, 0xf1, 0x80, 0x62, 0x0, 0xfe,
    0xf0, 0xd, 0xc0, 0x1f, 0xc4, 0x1, 0x88, 0x3,
    0xf9, 0x80, 0x33, 0x80, 0x7f, 0x10, 0x6, 0x20,
    0xf, 0xc6, 0x1, 0x8c, 0x3, 0xf9, 0x40, 0x32,
    0x80, 0x7f, 0x60, 0x6, 0xf0, 0xf, 0xe7, 0x0,
    0xc8, 0x1, 0xf8, 0x48, 0x2, 0x12, 0x0, 0xfc,
    0xe0, 0x19, 0xc0, 0x3f, 0xb0, 0x3, 0x60, 0x7,
    0xf2, 0x80, 0x65, 0x0, 0xfc, 0xa0, 0x19, 0x0,
    0x3f, 0xbc, 0x3, 0x70, 0x7, 0xe1, 0x50, 0xc,
    0xa0, 0x1f, 0x9c, 0x3, 0x30, 0x7, 0xf5, 0x80,
    0x6b, 0x0, 0xfc, 0x84, 0x1, 0x21, 0x0, 0x7e,
    0x80, 0xd, 0xe0, 0x1f, 0x8c, 0xc0, 0x11, 0xa0,
    0x7, 0xe8, 0x0, 0xde, 0x1, 0xf9, 0x10, 0x1,
    0x29, 0x80, 0x7e, 0x90, 0xd, 0x60, 0x1f, 0x80,

    /* U+002A "*" */
    0x0, 0xff, 0xb3, 0xfd, 0x0, 0x1f, 0xff, 0xe7,
    0x0, 0xff, 0xee, 0x8e, 0xa8, 0x7, 0xff, 0x19,
    0xf0, 0x2, 0x82, 0xac, 0x30, 0xf, 0xfe, 0x12,
    0x6c, 0x1b, 0x1, 0x30, 0x0, 0xf2, 0x44, 0x3,
    0xfc, 0x57, 0x62, 0x0, 0x40, 0x14, 0x0, 0x66,
    0xe7, 0x0, 0xfd, 0x1a, 0x80, 0x10, 0xd8, 0x1,
    0xf9, 0x80, 0x34, 0x6a, 0x0, 0x66, 0xe7, 0x0,
    0xd1, 0xca, 0x1, 0xc, 0xea, 0x0, 0x45, 0x68,
    0x0, 0x79, 0x10, 0x9, 0xb9, 0xc0, 0x3e, 0x2b,
    0xb1, 0x0, 0x7f, 0x93, 0x64, 0x40, 0x3f, 0xc9,
    0xb2, 0x20, 0x1e, 0x2b, 0xb1, 0x0, 0x7f, 0xf2,
    0xc4, 0x3, 0xff, 0x84, 0x9b, 0x22, 0x1, 0xe2,
    0xac, 0x30, 0xf, 0xf1, 0xdd, 0x88, 0x3, 0xfc,
    0x79, 0x42, 0x1, 0xe1, 0xac, 0x40, 0x8, 0xf1,
    0x0, 0xf, 0x42, 0x1, 0x2f, 0x40, 0x6, 0x8e,
    0x50, 0x8, 0x67, 0xc, 0x3, 0x2f, 0x38, 0x6,
    0x7e, 0x60, 0x27, 0x0, 0xcd, 0xec, 0x1, 0xfa,
    0x39, 0x40, 0x21, 0x80, 0x27, 0x0, 0x26, 0xc8,
    0x80, 0x7f, 0x86, 0xb0, 0xc0, 0x10, 0x0, 0x83,
    0xbb, 0x10, 0x7, 0xff, 0x8, 0xf2, 0x51, 0x80,
    0x2c, 0x40, 0xf, 0xfe, 0x33, 0x58, 0x7, 0xff,
    0x6d, 0xc0, 0x3f, 0xfc, 0xee, 0x1, 0xff, 0xc2,

    /* U+002B "+" */
    0x0, 0xff, 0xe0, 0xa4, 0x44, 0xe0, 0x1f, 0xfc,
    0xfd, 0x77, 0xa0, 0x3, 0xff, 0xfe, 0x1, 0xff,
    0xff, 0x0, 0xff, 0xff, 0x80, 0x7f, 0xff, 0xc0,
    0x3f, 0xfe, 0xc6, 0x7f, 0xfc, 0x20, 0xc, 0x67,
    0xff, 0xc1, 0x1c, 0xcf, 0xfe, 0xa, 0x80, 0x6c,
    0xcf, 0xfe, 0xa, 0x0, 0x7f, 0xff, 0xc0, 0x3f,
    0xf9, 0x3f, 0xff, 0xfc, 0x16, 0x0, 0xdf, 0xff,
    0xfc, 0x15, 0x0, 0xff, 0xff, 0x80, 0x7f, 0xff,
    0xc0, 0x3f, 0xff, 0xe0, 0x1f, 0xff, 0xf0, 0xf,
    0xff, 0xf8, 0x7, 0xf0,

    /* U+002C "," */
    0x0, 0xc, 0x5d, 0x20, 0x4, 0x7e, 0xe8, 0xb6,
    0xe0, 0xf, 0x10, 0xd, 0x4, 0x6, 0x1, 0xe4,
    0x10, 0xf, 0x84, 0x60, 0xf, 0x10, 0x58, 0x7,
    0x90, 0x16, 0x88, 0x2, 0x31, 0x0, 0x2b, 0x80,
    0x54, 0x1, 0x90, 0x2, 0x70, 0x8, 0x84, 0x0,
    0x42, 0x1, 0x20, 0x4, 0xa0, 0x1b, 0x0, 0x2b,
    0x0, 0xc8, 0x0, 0x13, 0x0, 0x88, 0x40, 0xe,
    0x1, 0x9c, 0x2, 0xd0, 0xd, 0x80, 0x1, 0x40,
    0xc, 0x80, 0x4, 0x0, 0xc0,

    /* U+002D "-" */
    0x57, 0x7f, 0xfe, 0x30, 0xf4, 0x47, 0xff, 0x18,
    0x80, 0x3f, 0xfe, 0x0,

    /* U+002E "." */
    0x0, 0x1d, 0x65, 0xa8, 0x4, 0x98, 0xa6, 0x95,
    0x0, 0xa, 0x0, 0xe7, 0x22, 0x8, 0x7, 0x90,
    0x3, 0xf8, 0x84, 0x3, 0xca, 0x16, 0x1, 0xcc,
    0x60, 0xb4, 0x40, 0x31, 0x20,

    /* U+002F "/" */
    0x0, 0xff, 0xe5, 0x8c, 0x46, 0x40, 0xf, 0xfe,
    0x5b, 0xbf, 0x0, 0x7f, 0xf3, 0x28, 0x2, 0x14,
    0x0, 0xff, 0xe5, 0x9, 0x80, 0x4e, 0x1, 0xff,
    0xcb, 0x60, 0xd, 0x40, 0x1f, 0xfc, 0xbb, 0x0,
    0x84, 0xc0, 0x3f, 0xf9, 0x44, 0x60, 0x13, 0x0,
    0x7f, 0xf2, 0xe8, 0x3, 0x50, 0x7, 0xff, 0x2d,
    0x40, 0x22, 0x20, 0x7, 0xff, 0x28, 0xc8, 0x2,
    0xa0, 0xf, 0xfe, 0x5d, 0x0, 0x66, 0x0, 0xff,
    0xe5, 0xb8, 0x4, 0x62, 0x1, 0xff, 0xca, 0x41,
    0x0, 0xa8, 0x3, 0xff, 0x97, 0xa0, 0x19, 0xc0,
    0x3f, 0xf9, 0x6c, 0x1, 0x20, 0x80, 0x7f, 0xf2,
    0x94, 0x3, 0x70, 0x7, 0xff, 0x2f, 0xc0, 0x32,
    0x80, 0x7f, 0xf2, 0xd4, 0x2, 0x50, 0xf, 0xfe,
    0x5b, 0x0, 0x6e, 0x0, 0xff, 0xe5, 0xe8, 0x4,
    0x28, 0x1, 0xff, 0xca, 0x14, 0x0, 0x9c, 0x3,
    0xff, 0x96, 0xc0, 0x1a, 0x80, 0x3f, 0xf9, 0x76,
    0x1, 0x9, 0x80, 0x7f, 0xf2, 0x88, 0xc0, 0x26,
    0x0, 0xff, 0xe5, 0xa8, 0x6, 0xb0, 0xf, 0xfe,
    0x5d, 0x0, 0x44, 0x60, 0x1f, 0xfc, 0xa3, 0x20,
    0xa, 0x80, 0x3f, 0xf9, 0x76, 0x1, 0x94, 0x3,
    0xff, 0x96, 0xc0, 0x11, 0x90, 0x7, 0xff, 0x29,
    0x4, 0x2, 0xa0, 0xf, 0xfe, 0x5e, 0x80, 0x67,
    0x0, 0xff, 0xe5, 0xb8, 0x4, 0x82, 0x1, 0xff,
    0xca, 0x41, 0x0, 0xb8, 0x3, 0xff, 0x97, 0xc0,
    0x19, 0x40, 0x3f, 0xf9, 0x6a, 0x1, 0x28, 0x7,
    0xff, 0x2d, 0x40, 0x37, 0x80, 0x7f, 0xf2, 0xf8,
    0x3, 0x28, 0x7, 0xff, 0x28, 0x50, 0x2, 0x60,
    0xf, 0xfe, 0x5b, 0x80, 0x6d, 0x0, 0xff, 0xe5,
    0xd0, 0x4, 0x28, 0x1, 0xff, 0xca, 0x23, 0x0,
    0x98, 0x3, 0xff, 0x96, 0xa0, 0x1a, 0xc0, 0x3f,
    0xf9, 0x74, 0x1, 0x11, 0x80, 0x7f, 0xf2, 0x88,
    0x80, 0x12, 0x80, 0x7f, 0xf2, 0xe8, 0x3, 0x50,
    0x7, 0xff, 0x2d, 0x80, 0x23, 0x20, 0xf, 0xfe,
    0x51, 0x88, 0x5, 0x60, 0x1f, 0xfc, 0xba, 0x0,
    0xcc, 0x1, 0xff, 0xcb, 0x70, 0x9, 0x4, 0x3,
    0xff, 0x94, 0x82, 0x1, 0x68, 0x7, 0xff, 0x2f,
    0x80, 0x33, 0x80, 0x7f, 0xf2, 0xd4, 0x2, 0x51,
    0x0, 0xff, 0xe5, 0x28, 0x6, 0xf0, 0xf, 0xfe,
    0x5f, 0x0, 0x65, 0x0, 0xff, 0xe5, 0xa, 0x0,
    0x4a, 0x1, 0xff, 0xcb, 0x70, 0xd, 0xc0, 0x1f,
    0xfc, 0xba, 0x0, 0x85, 0x0, 0x3f, 0xf9, 0x42,
    0x60, 0x13, 0x80, 0x7f, 0xf2, 0xd8, 0x3, 0x50,
    0x7, 0xff, 0x2e, 0xc0, 0x22, 0x30, 0xf, 0xfe,
    0x51, 0x18, 0x4, 0xa0, 0x1f, 0xfc, 0xba, 0x0,
    0xd4, 0x1, 0xff, 0xcb, 0x50, 0x8, 0xc8, 0x3,
    0xff, 0x94, 0x64, 0x1, 0x58, 0x7, 0xff, 0x2e,
    0x80, 0x33, 0x0, 0x7f, 0xf2, 0xdc, 0x2, 0x31,
    0x0, 0xff, 0xe5, 0x20, 0x80, 0x54, 0x1, 0xff,
    0xcb, 0xd0, 0xc, 0xe0, 0x1f, 0xfc, 0xb0,

    /* U+0030 "0" */
    0x0, 0xff, 0xe1, 0xa4, 0x5e, 0xff, 0xdd, 0xb4,
    0xe6, 0x1, 0xff, 0xce, 0x29, 0xfb, 0x74, 0x20,
    0x8, 0x49, 0x63, 0x35, 0xc0, 0x3f, 0xf9, 0x43,
    0x5a, 0xc0, 0x1f, 0xfc, 0x12, 0x8e, 0x60, 0xf,
    0xfe, 0x3a, 0xfa, 0x80, 0x7f, 0xf1, 0x46, 0x70,
    0x80, 0x3f, 0xf8, 0x91, 0x42, 0x1, 0xf0, 0x9a,
    0x19, 0x0, 0x7e, 0x3c, 0x30, 0xf, 0xfe, 0x14,
    0xb8, 0x7, 0x8e, 0x77, 0xb2, 0xf3, 0x7f, 0x20,
    0x80, 0x38, 0x71, 0x0, 0x3f, 0xf8, 0xe, 0xc0,
    0x1c, 0x57, 0x8c, 0x40, 0x1e, 0x37, 0xd9, 0x10,
    0xe, 0xb3, 0x0, 0xff, 0x24, 0x0, 0x73, 0xea,
    0x0, 0x7f, 0xf0, 0x1b, 0xcc, 0x3, 0xb8, 0x40,
    0x3f, 0xd, 0x0, 0x74, 0xc0, 0x7, 0xff, 0xc,
    0x71, 0x0, 0x31, 0x58, 0x7, 0xe8, 0x10, 0xc,
    0xec, 0x1, 0xff, 0xc6, 0xb3, 0x0, 0xca, 0x80,
    0x1e, 0x26, 0x0, 0xc9, 0x0, 0x1f, 0xfc, 0x8d,
    0x0, 0xe9, 0x0, 0xf4, 0x0, 0x74, 0x80, 0x7f,
    0xf2, 0x46, 0x40, 0x31, 0x28, 0x6, 0x15, 0x0,
    0xce, 0x40, 0x1f, 0xfc, 0xa6, 0x20, 0xd, 0x20,
    0x19, 0x80, 0x3a, 0x40, 0x3f, 0xf9, 0x96, 0x1,
    0x8c, 0x80, 0x2b, 0x0, 0xca, 0x20, 0x1f, 0xfc,
    0xc6, 0x0, 0xea, 0x0, 0x9, 0x80, 0x6e, 0x0,
    0xff, 0xe7, 0x28, 0x6, 0x40, 0x2, 0x0, 0x72,
    0x0, 0x7f, 0xf3, 0xbc, 0x3, 0x18, 0x86, 0x80,
    0x63, 0x0, 0xff, 0xe7, 0xa0, 0x7, 0x28, 0x18,
    0x6, 0x40, 0xf, 0xfe, 0x78, 0x88, 0x3, 0x18,
    0x28, 0x6, 0xe0, 0xf, 0xfe, 0x82, 0x80, 0x6e,
    0x1, 0x0, 0xc4, 0x1, 0xff, 0xd0, 0x20, 0xc,
    0x42, 0x1, 0xcc, 0x1, 0xff, 0xd0, 0xe0, 0xc,
    0xc6, 0x1, 0xc6, 0x1, 0xff, 0xd0, 0x10, 0xc,
    0x62, 0x1, 0xc2, 0x1, 0xff, 0xd5, 0x10, 0xf,
    0xfe, 0xb9, 0x80, 0x7f, 0xff, 0xc0, 0x3c, 0x60,
    0x1c, 0x20, 0x1c, 0x20, 0x1f, 0xfd, 0x51, 0x30,
    0xe, 0x30, 0xf, 0xfe, 0x80, 0x80, 0x63, 0x10,
    0xe, 0x60, 0xf, 0xfe, 0x87, 0x0, 0x66, 0x1,
    0x0, 0xc4, 0x1, 0xff, 0xd0, 0x20, 0xc, 0x40,
    0xa0, 0x1b, 0x80, 0x3f, 0xfa, 0xa, 0x1, 0xb8,
    0xc, 0x3, 0x20, 0x7, 0xff, 0x3c, 0x44, 0x1,
    0x8c, 0x34, 0x3, 0x18, 0x7, 0xff, 0x3d, 0x0,
    0x39, 0x41, 0x0, 0x39, 0x0, 0x3f, 0xf9, 0xde,
    0x1, 0x8c, 0x40, 0x4c, 0x3, 0x70, 0x7, 0xff,
    0x39, 0x40, 0x32, 0x0, 0x56, 0x1, 0x94, 0x40,
    0x3f, 0xf9, 0x8c, 0x1, 0xd4, 0x1, 0x30, 0x7,
    0x48, 0x7, 0xff, 0x32, 0xc0, 0x31, 0x90, 0x4,
    0x2a, 0x1, 0x9c, 0x80, 0x3f, 0xf9, 0x4c, 0x40,
    0x1a, 0x40, 0x3a, 0x0, 0x3a, 0x40, 0x3f, 0xf9,
    0x25, 0x20, 0x18, 0x94, 0x3, 0x89, 0x80, 0x32,
    0x40, 0x7, 0xff, 0x23, 0x80, 0x3a, 0x40, 0x3e,
    0x81, 0x0, 0xce, 0xc0, 0x1f, 0xfc, 0x6b, 0x30,
    0xc, 0xa8, 0x1, 0xf0, 0xd0, 0x7, 0x4c, 0x0,
    0x7f, 0xf0, 0xc7, 0x10, 0x3, 0x15, 0x80, 0x7f,
    0x24, 0x0, 0x73, 0xea, 0x0, 0x7f, 0xf0, 0x1b,
    0xcc, 0x3, 0xbc, 0x40, 0x3f, 0xce, 0xe0, 0xe,
    0x2b, 0xc6, 0x20, 0xf, 0x1b, 0xec, 0x88, 0x7,
    0x59, 0x0, 0x7f, 0xf0, 0x21, 0xc0, 0x3c, 0x73,
    0xbd, 0x97, 0x9b, 0xf9, 0x4, 0x1, 0xc3, 0x88,
    0x1, 0xff, 0xc2, 0x8a, 0x10, 0xf, 0x84, 0xd0,
    0xc8, 0x3, 0xf1, 0xe1, 0x80, 0x7f, 0xf1, 0x17,
    0xd4, 0x3, 0xff, 0x8a, 0x33, 0x84, 0x1, 0xff,
    0xc6, 0x1a, 0xd6, 0x0, 0xff, 0xe0, 0x94, 0x73,
    0x0, 0x7f, 0xf2, 0x8a, 0x7e, 0xdd, 0x8, 0x2,
    0x12, 0x58, 0xcd, 0x70, 0xf, 0xfe, 0x0,

    /* U+0031 "1" */
    0x5f, 0xff, 0xfe, 0x25, 0x80, 0x7f, 0xfa, 0x99,
    0xbf, 0xf8, 0x6, 0x1, 0xc7, 0x33, 0xff, 0x58,
    0x7, 0xff, 0xfc, 0x3, 0xff, 0xfe, 0x1, 0xff,
    0xff, 0x0, 0xff, 0xff, 0x80, 0x7f, 0xff, 0xc0,
    0x3f, 0xff, 0xe0, 0x1f, 0xff, 0xf0, 0xf, 0xff,
    0xf8, 0x7, 0xff, 0xfc, 0x3, 0xff, 0xfe, 0x1,
    0xff, 0xe3,

    /* U+0032 "2" */
    0x0, 0xff, 0x91, 0xeb, 0x3b, 0xff, 0x76, 0x53,
    0xa0, 0x7, 0xff, 0x25, 0xaf, 0xee, 0x14, 0xc4,
    0x3, 0x9, 0xac, 0x5f, 0x49, 0x0, 0x7f, 0xf0,
    0xc6, 0x3e, 0x50, 0x3, 0xff, 0x86, 0x2d, 0xb4,
    0x20, 0x1f, 0xfc, 0x6, 0xe7, 0x0, 0xff, 0xe4,
    0xaf, 0xa0, 0x7, 0xf0, 0xe4, 0x80, 0x7f, 0x9,
    0x1a, 0x19, 0x84, 0x3, 0xf0, 0xdb, 0x0, 0x7c,
    0x5e, 0x60, 0x1e, 0x27, 0xbe, 0xe6, 0xe5, 0xe6,
    0x3b, 0xed, 0x84, 0x3, 0xd2, 0x80, 0x1c, 0x58,
    0x20, 0x1c, 0xb9, 0xb0, 0x82, 0x1, 0xf9, 0x27,
    0xa0, 0x3, 0xd4, 0x20, 0x19, 0x84, 0x3, 0x16,
    0x51, 0x80, 0x7f, 0xf0, 0xdf, 0x4, 0x3, 0xc,
    0x80, 0x64, 0xc1, 0x0, 0x26, 0x98, 0x7, 0xff,
    0x18, 0xf4, 0x3, 0x9c, 0x3, 0x8f, 0xcd, 0x6c,
    0x3, 0xff, 0x92, 0x6e, 0x1, 0xca, 0x1, 0xc3,
    0x94, 0x1, 0xff, 0xcb, 0x90, 0xe, 0xc0, 0xf,
    0xfe, 0x98, 0x98, 0x6, 0x20, 0xf, 0xfe, 0xa2,
    0x80, 0x66, 0x0, 0xff, 0xea, 0x70, 0x7, 0xff,
    0xff, 0x80, 0x33, 0x0, 0x7f, 0xf5, 0x14, 0x3,
    0x18, 0x7, 0xff, 0x50, 0xc0, 0x36, 0x80, 0x7f,
    0xf4, 0xd4, 0x3, 0x90, 0x3, 0xff, 0xa7, 0x20,
    0x19, 0x44, 0x3, 0xff, 0xa4, 0xa6, 0x1, 0xa4,
    0x3, 0xff, 0xa4, 0x36, 0x1, 0x94, 0xc0, 0x3f,
    0xfa, 0x5a, 0x20, 0x1a, 0xc0, 0x3f, 0xfa, 0x52,
    0x60, 0x1a, 0x44, 0x3, 0xff, 0xa3, 0xc, 0x1,
    0x95, 0x80, 0x3f, 0xfa, 0x30, 0xe0, 0x18, 0xe8,
    0x3, 0xff, 0xa3, 0xe, 0x1, 0x8b, 0x40, 0x3f,
    0xfa, 0x32, 0xe0, 0x18, 0xb0, 0x40, 0x3f, 0xfa,
    0x12, 0xc0, 0x18, 0xb0, 0x40, 0x3f, 0xfa, 0x14,
    0xc0, 0x18, 0xb0, 0x40, 0x3f, 0xfa, 0x14, 0xa0,
    0x18, 0xb0, 0x40, 0x3f, 0xfa, 0x16, 0xa0, 0x18,
    0xf0, 0x40, 0x3f, 0xfa, 0x16, 0x80, 0x18, 0xf0,
    0x40, 0x3f, 0xfa, 0x18, 0x80, 0x19, 0x30, 0x3,
    0xff, 0xa0, 0x38, 0x60, 0x19, 0x2c, 0x3, 0xff,
    0xa0, 0x38, 0x60, 0x19, 0x2c, 0x3, 0xff, 0xa0,
    0x38, 0x40, 0x19, 0x6c, 0x3, 0xff, 0xa0, 0x58,
    0x40, 0x19, 0x68, 0x3, 0xff, 0xa0, 0x58, 0x40,
    0x19, 0xa8, 0x3, 0xff, 0xa0, 0x58, 0x20, 0x19,
    0xa4, 0x3, 0xff, 0xa0, 0x78, 0x20, 0x19, 0xe4,
    0x3, 0xff, 0xa0, 0x7a, 0x20, 0x1a, 0x20, 0x1,
    0xff, 0xd0, 0x3c, 0x10, 0xd, 0xe, 0x1, 0xff,
    0xd0, 0x4c, 0x0, 0xe9, 0x70, 0xf, 0xfe, 0x82,
    0x58, 0x7, 0x4b, 0x0, 0x7f, 0xf4, 0x16, 0xc0,
    0x38, 0xbe, 0x67, 0xff, 0x9c, 0x20, 0x54, 0x1,
    0xe2, 0x66, 0xff, 0xe7, 0x98, 0x8, 0x7, 0xff,
    0xfc, 0x3, 0xff, 0xb2,

    /* U+0033 "3" */
    0x0, 0x27, 0xff, 0xff, 0x50, 0x80, 0x3f, 0xff,
    0xe0, 0x1f, 0xfd, 0xa3, 0x0, 0xcc, 0xdf, 0xfc,
    0xe1, 0x0, 0xe9, 0x10, 0xc, 0x53, 0x3f, 0xfc,
    0xcd, 0x10, 0xc, 0xcc, 0x0, 0xff, 0xe8, 0x95,
    0x80, 0x63, 0x90, 0xf, 0xfe, 0x88, 0xf8, 0x6,
    0x1d, 0x0, 0xff, 0xe9, 0x51, 0x0, 0x6d, 0x10,
    0xf, 0xfe, 0x8c, 0xa0, 0x6, 0xa3, 0x0, 0xff,
    0xe8, 0xb3, 0x0, 0x33, 0xa8, 0x7, 0xff, 0x44,
    0xe4, 0x3, 0x24, 0x0, 0x7f, 0xf4, 0x47, 0x40,
    0x31, 0x58, 0x7, 0xff, 0x4b, 0x44, 0x2, 0x1f,
    0x0, 0xff, 0xe9, 0x51, 0x80, 0x6a, 0x20, 0xf,
    0xfe, 0x8b, 0xa8, 0x6, 0x94, 0x0, 0xff, 0xe8,
    0xa4, 0x0, 0x66, 0x60, 0x7, 0xff, 0x44, 0xac,
    0x3, 0x1c, 0x80, 0x7f, 0xf4, 0x47, 0xc0, 0x30,
    0xe8, 0x7, 0xff, 0x4a, 0x88, 0x3, 0x68, 0x80,
    0x7f, 0xf4, 0x65, 0x0, 0x35, 0x18, 0x7, 0xff,
    0x45, 0x58, 0x3, 0xaf, 0x6e, 0x14, 0x40, 0x3f,
    0xf9, 0xa4, 0x1, 0xe1, 0x24, 0x7a, 0xed, 0x71,
    0x0, 0xff, 0xeb, 0x94, 0x73, 0x80, 0x7f, 0xf6,
    0x63, 0x48, 0x3, 0xff, 0x8e, 0xb3, 0x3d, 0xc,
    0x82, 0x1, 0xf1, 0x61, 0x80, 0x7f, 0xf1, 0x89,
    0x9b, 0x9e, 0x6f, 0xb6, 0x8, 0x3, 0x87, 0x48,
    0x3, 0xff, 0x9e, 0x4f, 0xb2, 0x1, 0xc3, 0xc0,
    0x1f, 0xfd, 0x26, 0xd1, 0x0, 0xc6, 0xc0, 0x1f,
    0xfd, 0x22, 0xc0, 0xe, 0x80, 0xf, 0xfe, 0x99,
    0x40, 0x6, 0x15, 0x0, 0xff, 0xe9, 0xb8, 0x7,
    0x60, 0x7, 0xff, 0x51, 0x40, 0x32, 0x0, 0x7f,
    0xf5, 0x30, 0x3, 0x10, 0x7, 0xff, 0x50, 0x80,
    0x3f, 0xfb, 0xe2, 0x1, 0xff, 0xd3, 0x10, 0xe,
    0x10, 0xf, 0xfe, 0x99, 0x0, 0x61, 0x0, 0xff,
    0xea, 0x60, 0x6, 0x50, 0xc, 0x40, 0x1f, 0xfc,
    0xe2, 0x40, 0xd, 0x80, 0x13, 0xea, 0x0, 0x7f,
    0xf3, 0x64, 0x3, 0x94, 0x0, 0x30, 0x17, 0x20,
    0x1f, 0xfc, 0xb7, 0x40, 0xc, 0x84, 0x0, 0xa0,
    0x9, 0xb9, 0x80, 0x3f, 0xf9, 0x11, 0x0, 0xe,
    0x80, 0x1, 0x20, 0x6, 0x19, 0xe7, 0x10, 0xf,
    0xfe, 0x19, 0xe3, 0x80, 0x73, 0x18, 0x0, 0xa8,
    0x3, 0xc3, 0x1d, 0x8e, 0x82, 0x1, 0xf8, 0xdf,
    0x30, 0x60, 0x1c, 0x72, 0x1, 0x97, 0x48, 0x3,
    0xe3, 0x8b, 0xef, 0xdc, 0xbc, 0xc7, 0x7e, 0x41,
    0x80, 0x78, 0xf4, 0x3, 0xc5, 0xb0, 0x20, 0x1f,
    0xe2, 0x34, 0x33, 0x8, 0x7, 0xf3, 0x60, 0x80,
    0x7e, 0x7e, 0x82, 0x0, 0xff, 0xe4, 0x9d, 0xc8,
    0x7, 0xff, 0x1, 0xf6, 0xd8, 0x40, 0x3f, 0xf8,
    0x8b, 0x78, 0x80, 0x1f, 0xfc, 0x34, 0x9e, 0xd9,
    0x64, 0x21, 0x0, 0xc2, 0x6b, 0x17, 0xf4, 0x80,
    0x1f, 0xc0,

    /* U+0034 "4" */
    0x0, 0xff, 0xe7, 0xe7, 0xfe, 0xe1, 0x0, 0xff,
    0xec, 0xc9, 0x80, 0x6d, 0x10, 0xf, 0xfe, 0xc3,
    0x30, 0x3, 0x51, 0x80, 0x7f, 0xf6, 0xe, 0x40,
    0x33, 0x28, 0x7, 0xff, 0x60, 0x74, 0x3, 0x1c,
    0x80, 0x7f, 0xf6, 0x74, 0x40, 0x21, 0xd0, 0xf,
    0xfe, 0xcd, 0x18, 0x6, 0xd1, 0x0, 0xff, 0xec,
    0x32, 0x80, 0x69, 0x30, 0xf, 0xfe, 0xc2, 0x48,
    0x6, 0x66, 0x0, 0x7f, 0xf6, 0x6, 0x80, 0x31,
    0xc8, 0x7, 0xff, 0x67, 0x44, 0x2, 0x1d, 0x0,
    0xff, 0xec, 0xd1, 0x80, 0x6d, 0x10, 0xf, 0xfe,
    0xc3, 0xa8, 0x6, 0x93, 0x0, 0xff, 0xec, 0x24,
    0x0, 0x66, 0x60, 0x7, 0xff, 0x60, 0xa8, 0x3,
    0x1c, 0x80, 0x7f, 0xf6, 0x7c, 0x40, 0x21, 0xd0,
    0xf, 0xfe, 0xcd, 0x10, 0x6, 0xd1, 0x0, 0xff,
    0xec, 0x3a, 0x80, 0x69, 0x30, 0xf, 0xfe, 0xc2,
    0x40, 0x6, 0x66, 0x0, 0x7f, 0xf6, 0xa, 0x80,
    0x31, 0xc8, 0x7, 0xff, 0x67, 0xc4, 0x2, 0x1d,
    0x0, 0xff, 0x84, 0xcf, 0x8, 0x7, 0xff, 0x22,
    0x88, 0x3, 0x68, 0x80, 0x7f, 0xd3, 0x99, 0xa4,
    0x3, 0xff, 0x8e, 0xea, 0x1, 0xa0, 0xc0, 0x3f,
    0xfb, 0x9, 0x0, 0x19, 0x5c, 0x3, 0xff, 0xb0,
    0x56, 0x1, 0x8e, 0x80, 0x3f, 0xfb, 0x3e, 0x1,
    0x87, 0x40, 0x3f, 0xfb, 0x34, 0x40, 0x1a, 0x84,
    0x3, 0xff, 0xb0, 0xea, 0x1, 0xa1, 0x0, 0x3f,
    0xfb, 0x9, 0x0, 0x19, 0x5c, 0x3, 0xff, 0xb0,
    0x56, 0x1, 0x8a, 0x80, 0x3f, 0xfb, 0x3e, 0x1,
    0x87, 0xc0, 0x3f, 0xfb, 0x36, 0x40, 0x1a, 0x88,
    0x3, 0xff, 0xb1, 0x8, 0x1, 0x87, 0x66, 0x7f,
    0xf9, 0xa, 0x1, 0x92, 0x67, 0xf9, 0x45, 0xc0,
    0x38, 0x59, 0xbf, 0xf9, 0x24, 0x1, 0x8d, 0x9b,
    0xfb, 0xc, 0x3, 0xff, 0xfe, 0x1, 0xff, 0xef,
    0x2f, 0xff, 0xfe, 0x82, 0x0, 0x67, 0xff, 0xfe,
    0x90, 0xf, 0xff, 0xf8, 0x7, 0xff, 0xfc, 0x3,
    0xff, 0xfe, 0x1, 0xff, 0xff, 0x0, 0xff, 0xff,
    0x80, 0x7f, 0xff, 0xc0, 0x3f, 0xff, 0xe0, 0x1f,
    0xfc, 0x30,

    /* U+0035 "5" */
    0x0, 0xf2, 0xff, 0xff, 0xf3, 0xd0, 0x3, 0xf1,
    0x0, 0x7f, 0xf6, 0x3c, 0x3, 0xff, 0xb0, 0x40,
    0x1f, 0xfd, 0x86, 0x0, 0xca, 0xcd, 0xff, 0xcb,
    0x0, 0xfc, 0x40, 0x1a, 0xe6, 0x7f, 0xf9, 0x44,
    0x1, 0xf8, 0x40, 0x30, 0x80, 0x7f, 0xf4, 0x84,
    0x3, 0x10, 0x7, 0xff, 0x4c, 0x80, 0x30, 0x80,
    0x7f, 0xf4, 0xdc, 0x3, 0x30, 0x7, 0xff, 0x4c,
    0x80, 0x31, 0x0, 0x7f, 0xf4, 0xf8, 0x3, 0x70,
    0x7, 0xff, 0x4c, 0x40, 0x31, 0x80, 0x7f, 0xf4,
    0xc8, 0x3, 0x30, 0x7, 0xff, 0x4d, 0x80, 0x31,
    0x0, 0x7f, 0xf4, 0xcc, 0x3, 0x8, 0x7, 0xff,
    0x4c, 0x40, 0x21, 0x0, 0xff, 0xe9, 0x90, 0x6,
    0x20, 0xf, 0xfe, 0x9b, 0x0, 0x66, 0x0, 0xff,
    0xe9, 0x88, 0x6, 0x20, 0xf, 0xfe, 0x99, 0x0,
    0x67, 0xff, 0xfe, 0xec, 0xb9, 0x63, 0x0, 0xff,
    0xe2, 0x70, 0x7, 0xff, 0x8, 0x4d, 0x1a, 0x73,
    0xed, 0x84, 0x3, 0xff, 0x80, 0x60, 0x1f, 0xfc,
    0x94, 0x9e, 0x91, 0x0, 0xff, 0x30, 0x7, 0xff,
    0x31, 0xb9, 0x80, 0x3f, 0x91, 0x9b, 0xff, 0x80,
    0xa8, 0x62, 0x1, 0xfe, 0x9a, 0x0, 0xfd, 0x13,
    0x3f, 0xfc, 0xa, 0xbc, 0xef, 0xc8, 0x40, 0xf,
    0x96, 0xc0, 0x3f, 0xf9, 0xa6, 0xf7, 0xce, 0x1,
    0xe4, 0x80, 0xf, 0xfe, 0x78, 0xc7, 0x18, 0x7,
    0x39, 0x0, 0x7f, 0xf4, 0x7, 0x14, 0x3, 0xa0,
    0x3, 0xff, 0xa5, 0x44, 0x1, 0x94, 0x40, 0x3f,
    0xfa, 0x52, 0x1, 0xce, 0x1, 0xff, 0xd2, 0x42,
    0x0, 0xde, 0x1, 0xff, 0xd3, 0x40, 0xc, 0xa0,
    0x1f, 0xfd, 0x3f, 0x0, 0xc4, 0x1, 0xff, 0xd3,
    0x30, 0xf, 0xff, 0xe9, 0x80, 0x63, 0x0, 0xff,
    0xe9, 0xf8, 0x6, 0x60, 0xf, 0xfe, 0x9b, 0x80,
    0x63, 0x0, 0x8c, 0x3, 0xff, 0x9c, 0xa2, 0x1,
    0xac, 0x1, 0x18, 0x80, 0x1f, 0xfc, 0xd8, 0x0,
    0xc2, 0x60, 0x4e, 0x17, 0x0, 0x1f, 0xfc, 0xbb,
    0x20, 0xd, 0x20, 0xe, 0x0, 0x9f, 0x54, 0x3,
    0xff, 0x8e, 0x36, 0x80, 0x18, 0x5c, 0xc, 0xc0,
    0x18, 0xab, 0x58, 0x40, 0x3f, 0xf8, 0x6b, 0xe8,
    0x1, 0xd4, 0x0, 0x39, 0x0, 0xf1, 0x4f, 0x5b,
    0x98, 0x7, 0xf2, 0x47, 0x50, 0x80, 0x74, 0x20,
    0x4, 0xd8, 0x40, 0x1f, 0x24, 0x67, 0xf6, 0xe5,
    0xe6, 0xf7, 0xdb, 0x88, 0x7, 0x9d, 0xc0, 0x1c,
    0x7b, 0x0, 0x1f, 0xe1, 0x23, 0x43, 0x21, 0x0,
    0xfe, 0xa8, 0x0, 0xfc, 0xfd, 0x2, 0x1, 0xff,
    0xc9, 0x5e, 0x50, 0xf, 0xf0, 0xbf, 0x5b, 0x8,
    0x7, 0xff, 0xc, 0x5b, 0x68, 0x40, 0x3f, 0xf8,
    0x49, 0x3d, 0xb2, 0xc8, 0x42, 0x1, 0x84, 0xd6,
    0x33, 0xa4, 0x80, 0x3f, 0x0,

    /* U+0036 "6" */
    0x0, 0xff, 0xe2, 0xa, 0x45, 0x6f, 0x7f, 0xee,
    0xca, 0x74, 0x0, 0xff, 0xe5, 0x35, 0xf5, 0xba,
    0x90, 0x80, 0x61, 0x35, 0x8b, 0xfb, 0x50, 0xf,
    0xfe, 0x2c, 0x74, 0xa0, 0x7, 0xff, 0x11, 0x2b,
    0x94, 0x3, 0xff, 0x82, 0xbc, 0xe2, 0x1, 0xff,
    0xc8, 0x10, 0xf, 0xfe, 0xd, 0x50, 0x40, 0x3e,
    0x13, 0x57, 0x79, 0x94, 0xc4, 0x3, 0x8d, 0x40,
    0x3f, 0xc3, 0x8a, 0x1, 0xe3, 0x9d, 0xec, 0xa8,
    0x8a, 0x6b, 0x3b, 0x94, 0x80, 0x8, 0x0, 0xff,
    0xe, 0x18, 0x7, 0x26, 0x61, 0x88, 0x3, 0xfc,
    0x2b, 0x7b, 0x8, 0x1, 0xfe, 0xd2, 0x0, 0xc3,
    0x56, 0x60, 0x1f, 0xfc, 0x42, 0x70, 0xf, 0xf4,
    0x18, 0x6, 0x2f, 0x50, 0xf, 0xfe, 0x89, 0xb8,
    0x6, 0x2c, 0x10, 0xf, 0xfe, 0x97, 0x0, 0x61,
    0xc1, 0x0, 0xff, 0xe9, 0x31, 0x0, 0x6a, 0x10,
    0xf, 0xfe, 0x9d, 0x80, 0x65, 0x40, 0xf, 0xfe,
    0x9a, 0x10, 0x6, 0x80, 0xf, 0xfe, 0xa7, 0x0,
    0x65, 0x20, 0xf, 0xfe, 0xa2, 0x0, 0x6e, 0x0,
    0xff, 0xea, 0x18, 0x80, 0x64, 0x0, 0xff, 0xea,
    0x20, 0x6, 0x40, 0xf, 0xfe, 0xae, 0x80, 0x63,
    0x0, 0xff, 0xea, 0xb8, 0x6, 0xd0, 0xf, 0xf8,
    0x91, 0x56, 0x43, 0x10, 0xf, 0xfe, 0x11, 0x0,
    0x66, 0x0, 0xf8, 0xa3, 0x3f, 0x6e, 0xaa, 0xbc,
    0xed, 0x95, 0x0, 0xff, 0x8, 0x7, 0x10, 0x7,
    0x26, 0x6b, 0x98, 0x7, 0xf1, 0x35, 0x73, 0x80,
    0x7e, 0x30, 0xe, 0x10, 0x8, 0x6e, 0xc6, 0x1,
    0xff, 0xc3, 0x18, 0xe5, 0x0, 0xf0, 0x80, 0x7e,
    0x3f, 0x40, 0xf, 0xfe, 0x38, 0xd4, 0x80, 0x7f,
    0xf0, 0x53, 0x4, 0x3, 0x13, 0xde, 0xff, 0xdd,
    0xb4, 0xc2, 0x1, 0xe6, 0xa0, 0xf, 0xf8, 0xac,
    0x3, 0x26, 0x6c, 0x21, 0x0, 0x42, 0x4b, 0x3d,
    0x66, 0x1, 0xcb, 0x20, 0x1f, 0xc3, 0xe0, 0x1a,
    0xac, 0xc0, 0x3f, 0xf8, 0x9, 0x90, 0x1, 0xcc,
    0xa0, 0x1f, 0xa0, 0x80, 0x3, 0xaa, 0x1, 0xff,
    0xc4, 0x7a, 0x0, 0xeb, 0x0, 0x8, 0x7, 0x30,
    0x5, 0xa4, 0x1, 0xff, 0xc6, 0x58, 0x0, 0xc2,
    0xc0, 0x60, 0x1f, 0xa4, 0xc0, 0x3f, 0xf9, 0xe,
    0x60, 0x1a, 0x80, 0x40, 0x3e, 0x26, 0x0, 0xff,
    0xe5, 0x40, 0x6, 0x31, 0x2, 0x0, 0xf5, 0x0,
    0x7f, 0xf2, 0xd0, 0x3, 0x90, 0x1c, 0x3, 0xca,
    0x1, 0xff, 0xcc, 0x40, 0xc, 0x41, 0xa0, 0x1e,
    0x20, 0xf, 0xfe, 0x61, 0x0, 0x6e, 0x4, 0x0,
    0xe1, 0x0, 0xff, 0xe6, 0x88, 0x7, 0x8c, 0x3,
    0xff, 0xb6, 0xa0, 0x18, 0x40, 0x3f, 0xf9, 0xa4,
    0x1, 0x84, 0x1, 0xe0, 0x1c, 0x60, 0x1f, 0xfc,
    0xc7, 0x0, 0xda, 0x0, 0x51, 0x0, 0xd4, 0x1,
    0xff, 0xcb, 0x12, 0x0, 0xce, 0x1, 0x48, 0x6,
    0x61, 0x0, 0xff, 0xe5, 0x48, 0x6, 0x12, 0x0,
    0x9c, 0x40, 0x35, 0x80, 0x7f, 0xf2, 0x49, 0xc0,
    0x33, 0x0, 0x74, 0x0, 0x65, 0x70, 0xf, 0xfe,
    0x47, 0x0, 0x74, 0x80, 0x73, 0x20, 0x6, 0x87,
    0x0, 0xff, 0xe3, 0x59, 0x80, 0x67, 0x10, 0xf,
    0x51, 0x0, 0x68, 0xb2, 0x0, 0xff, 0xe1, 0x1e,
    0xa0, 0x6, 0x28, 0x0, 0xf8, 0x7c, 0x40, 0x32,
    0x6d, 0x18, 0x7, 0xf9, 0x2b, 0x8, 0x3, 0xf,
    0x80, 0x7f, 0x16, 0x10, 0x7, 0x2e, 0x75, 0xc3,
    0xb3, 0x51, 0x7d, 0x6a, 0x1, 0xc3, 0x84, 0x1,
    0xfe, 0x2c, 0x50, 0xf, 0xa, 0x3c, 0x4c, 0xce,
    0x82, 0x1, 0xe4, 0xf2, 0x0, 0xff, 0xe0, 0xd,
    0x50, 0x80, 0x3f, 0xf8, 0xc3, 0x36, 0x20, 0x1f,
    0xfc, 0x35, 0xda, 0x40, 0xf, 0xfe, 0x11, 0x4f,
    0x30, 0x7, 0xff, 0x1d, 0x6f, 0xa9, 0xd0, 0x84,
    0x2, 0x13, 0x59, 0xdd, 0x30, 0x7, 0xf0,

    /* U+0037 "7" */
    0xbf, 0xff, 0xfe, 0xc2, 0x80, 0x7f, 0xff, 0xc0,
    0x3f, 0xfb, 0x42, 0x1, 0xc6, 0xcd, 0xff, 0xcd,
    0x10, 0xc, 0x28, 0x1, 0xd5, 0x33, 0xff, 0xcc,
    0xb1, 0x0, 0xd2, 0x1, 0xff, 0xd3, 0xb0, 0xe,
    0x60, 0xf, 0xfe, 0x90, 0xb0, 0x6, 0x71, 0x0,
    0xff, 0xe9, 0x30, 0x7, 0x48, 0x7, 0xff, 0x4e,
    0x40, 0x32, 0x88, 0x7, 0xff, 0x49, 0x84, 0x3,
    0x48, 0x7, 0xff, 0x4e, 0xc0, 0x32, 0x18, 0x7,
    0xff, 0x49, 0x48, 0x3, 0x78, 0x6, 0x10, 0xf,
    0xfe, 0x74, 0x80, 0x62, 0x40, 0xd, 0x5f, 0xf9,
    0x80, 0x3f, 0xf9, 0x6, 0x60, 0xd, 0x0, 0x1f,
    0xfd, 0x39, 0x0, 0xc2, 0xa0, 0x1f, 0xfd, 0x22,
    0x50, 0xd, 0x20, 0x1f, 0xfd, 0x3b, 0x0, 0xe7,
    0x0, 0xff, 0xe9, 0xb, 0x0, 0x67, 0x0, 0xff,
    0xe9, 0xc8, 0x7, 0x48, 0x7, 0xff, 0x4d, 0x80,
    0x32, 0x88, 0x7, 0xff, 0x49, 0x84, 0x3, 0x48,
    0x7, 0xff, 0x4e, 0xc0, 0x32, 0x18, 0x7, 0xff,
    0x49, 0x48, 0x3, 0x78, 0x7, 0xff, 0x4e, 0x40,
    0x31, 0x20, 0x7, 0xff, 0x48, 0xcc, 0x1, 0xa0,
    0x3, 0xff, 0xa7, 0x0, 0x18, 0x54, 0x3, 0xff,
    0xa4, 0x48, 0x1, 0xa4, 0x3, 0xff, 0xa7, 0x60,
    0x1c, 0xe0, 0x1f, 0xfd, 0x21, 0x60, 0xc, 0xe0,
    0x1f, 0xfd, 0x39, 0x0, 0xe9, 0x0, 0xff, 0xe9,
    0xb0, 0x6, 0x51, 0x0, 0xff, 0xe9, 0x30, 0x80,
    0x69, 0x0, 0xff, 0xe9, 0xd8, 0x6, 0x43, 0x0,
    0xff, 0xe9, 0x29, 0x0, 0x6f, 0x0, 0xff, 0xe9,
    0xc8, 0x6, 0x24, 0x0, 0xff, 0xe9, 0x21, 0x80,
    0x68, 0x0, 0xff, 0xe9, 0xf8, 0x6, 0x15, 0x0,
    0xff, 0xe9, 0x12, 0x0, 0x69, 0x0, 0xff, 0xe9,
    0xd8, 0x7, 0x38, 0x7, 0xff, 0x48, 0x58, 0x3,
    0x38, 0x7, 0xff, 0x4e, 0x40, 0x3a, 0x40, 0x3f,
    0xfa, 0x6e, 0x1, 0x94, 0x40, 0x3f, 0xfa, 0x4e,
    0x1, 0xd0, 0x1, 0xff, 0xd3, 0x90, 0xc, 0x84,
    0x1, 0xff, 0xd2, 0x51, 0x0, 0xde, 0x1, 0xff,
    0xd3, 0x90, 0xc, 0x68, 0x1, 0xff, 0xd2, 0x43,
    0x0, 0xd2, 0x1, 0xff, 0xd3, 0xf0, 0xc, 0x2a,
    0x1, 0xff, 0xd2, 0x24, 0x0, 0xd2, 0x1, 0xff,
    0xc9,

    /* U+0038 "8" */
    0x0, 0xff, 0xe0, 0xa, 0xc5, 0xef, 0x7f, 0xee,
    0xca, 0x84, 0x0, 0xff, 0xe5, 0xb6, 0x75, 0x3a,
    0x10, 0x80, 0x61, 0x35, 0x7b, 0xfb, 0x50, 0xf,
    0xfe, 0x33, 0xfc, 0x98, 0x7, 0xff, 0x11, 0x2b,
    0x98, 0x3, 0xff, 0x84, 0x7b, 0x0, 0x1f, 0xfc,
    0x91, 0x9c, 0x20, 0xf, 0xf9, 0x30, 0x80, 0x3e,
    0x36, 0x89, 0x9c, 0xea, 0x40, 0x1f, 0x1e, 0x18,
    0x7, 0xf1, 0xd8, 0x7, 0x92, 0xbf, 0x25, 0xd9,
    0xb4, 0x56, 0xf4, 0x90, 0x7, 0xe, 0x10, 0x7,
    0xc3, 0xa0, 0x1c, 0x59, 0x6a, 0x1, 0xff, 0xb,
    0x6d, 0x8, 0x7, 0x78, 0x7, 0xd2, 0x20, 0x19,
    0x34, 0xc0, 0x3f, 0xf8, 0x8b, 0xe4, 0x1, 0x89,
    0xc0, 0x3c, 0xe0, 0x18, 0xac, 0x3, 0xff, 0x8e,
    0x38, 0x20, 0x1a, 0x40, 0x39, 0x40, 0x3b, 0x80,
    0x3f, 0xf9, 0x23, 0x0, 0x18, 0x50, 0x3, 0x68,
    0x6, 0x23, 0x0, 0xff, 0xe5, 0x30, 0x7, 0x18,
    0x6, 0x20, 0xc, 0x80, 0x1f, 0xfc, 0xc4, 0x0,
    0xdc, 0x1, 0x84, 0x3, 0x70, 0x7, 0xff, 0x30,
    0x80, 0x31, 0x80, 0x7f, 0xf8, 0x8, 0x3, 0x70,
    0x7, 0xff, 0x30, 0x80, 0x31, 0x80, 0x6f, 0x0,
    0xc8, 0x1, 0xff, 0xcc, 0x40, 0xd, 0x80, 0x19,
    0x0, 0x31, 0x20, 0x7, 0xff, 0x29, 0xc0, 0x39,
    0x0, 0x31, 0x20, 0x6, 0xa1, 0x0, 0xff, 0xe4,
    0x14, 0x0, 0x65, 0x10, 0xe, 0x80, 0xc, 0x3a,
    0x20, 0x1f, 0xfc, 0x62, 0xc0, 0xe, 0x80, 0xf,
    0x1c, 0x0, 0x63, 0xf5, 0x0, 0xff, 0xe2, 0x3e,
    0x88, 0x6, 0x92, 0x0, 0xf9, 0xd8, 0x3, 0xd,
    0x6b, 0x90, 0x7, 0xf8, 0xe3, 0xa0, 0x3, 0xa1,
    0x80, 0x3f, 0xa6, 0x40, 0x1c, 0x51, 0xbd, 0x75,
    0x11, 0x4d, 0x67, 0xe3, 0x88, 0x7, 0x53, 0x80,
    0x7f, 0xcd, 0xaa, 0x1, 0xe1, 0x45, 0x77, 0x99,
    0x4c, 0x3, 0xe6, 0xe5, 0x0, 0xff, 0xe0, 0x95,
    0x38, 0x7, 0xff, 0x22, 0x64, 0x20, 0x1f, 0xfc,
    0x11, 0x8f, 0x70, 0xf, 0xfe, 0x44, 0xf3, 0x0,
    0x7f, 0xf0, 0x17, 0xdc, 0x3, 0xe1, 0x35, 0x66,
    0x95, 0xc, 0x3, 0xe1, 0x9d, 0x30, 0xf, 0xe9,
    0xa1, 0x0, 0xe4, 0x9d, 0xec, 0xa9, 0x9a, 0xaf,
    0x3f, 0x60, 0xc0, 0x38, 0xb1, 0x80, 0x3e, 0x96,
    0x0, 0xe6, 0xeb, 0x62, 0x0, 0xff, 0x13, 0xe6,
    0x10, 0x3, 0xa5, 0x80, 0x39, 0x98, 0x1, 0x86,
    0xe4, 0x40, 0x3f, 0xf8, 0x87, 0x74, 0x1, 0xd2,
    0x80, 0x10, 0xc8, 0x6, 0x1c, 0x40, 0xf, 0xfe,
    0x42, 0xe0, 0x7, 0x50, 0x5, 0x20, 0x1d, 0xa4,
    0x1, 0xff, 0xca, 0x3a, 0x0, 0xc2, 0xc0, 0x6,
    0x0, 0xca, 0x60, 0x1f, 0xfc, 0xc5, 0x30, 0xd,
    0x60, 0x62, 0x1, 0xa4, 0x3, 0xff, 0x9d, 0x20,
    0x18, 0x85, 0x40, 0x30, 0x98, 0x7, 0xff, 0x39,
    0x0, 0x39, 0x4, 0x3, 0x10, 0x7, 0xff, 0x3c,
    0x44, 0x1, 0x8f, 0xc0, 0x33, 0x80, 0x7f, 0xf4,
    0xc, 0x3, 0x8, 0x7, 0x38, 0x7, 0xff, 0x40,
    0xc0, 0x3b, 0x80, 0x31, 0x0, 0x7f, 0xf4, 0x4,
    0x3, 0x11, 0x0, 0x30, 0x90, 0x7, 0xff, 0x39,
    0x0, 0x39, 0x90, 0x3, 0xac, 0x3, 0xff, 0x9d,
    0xe0, 0x1c, 0x60, 0x80, 0x19, 0x88, 0x3, 0xff,
    0x98, 0x88, 0x0, 0xca, 0x0, 0xf0, 0xe, 0xf1,
    0x0, 0xff, 0xe5, 0x15, 0x0, 0x74, 0x80, 0x11,
    0x0, 0x18, 0xb0, 0x80, 0x3f, 0xf9, 0x7, 0x82,
    0x1, 0x94, 0xc0, 0x29, 0x10, 0xc, 0x5a, 0xc0,
    0x1f, 0xfc, 0x51, 0x8c, 0x10, 0xc, 0x36, 0x1,
    0x8a, 0x80, 0x3d, 0x3d, 0x4, 0x1, 0xff, 0xc0,
    0x39, 0xe7, 0x0, 0xe1, 0xc1, 0x0, 0xe4, 0xb1,
    0x0, 0xe1, 0x7d, 0xeb, 0x97, 0x66, 0xd1, 0x39,
    0xf8, 0xc0, 0x1e, 0x1c, 0x20, 0xf, 0x93, 0xc,
    0x3, 0xe1, 0x46, 0x89, 0x9c, 0xec, 0x60, 0x1f,
    0x97, 0xc8, 0x3, 0xf8, 0xb2, 0x88, 0x3, 0xff,
    0x94, 0x77, 0x42, 0x1, 0xff, 0xc0, 0x5d, 0xb5,
    0x0, 0xff, 0xe2, 0x8b, 0x66, 0x10, 0x3, 0xff,
    0x88, 0x95, 0xf9, 0x2c, 0x84, 0x20, 0x18, 0x49,
    0x1a, 0x77, 0xa4, 0xc0, 0x3f, 0x80,

    /* U+0039 "9" */
    0x0, 0xff, 0x8d, 0xeb, 0x7b, 0xfe, 0xed, 0xb8,
    0x40, 0xf, 0xfe, 0x59, 0x47, 0x64, 0x29, 0x8,
    0x4, 0x24, 0x8f, 0x7f, 0x48, 0x1, 0xff, 0xc6,
    0x19, 0xd7, 0x10, 0xf, 0xfe, 0x12, 0xde, 0x18,
    0x7, 0xff, 0xd, 0x3d, 0x80, 0x3f, 0xf8, 0xe7,
    0x92, 0x1, 0xff, 0xc1, 0x6b, 0x10, 0xf, 0xa,
    0xbc, 0xcd, 0xe, 0x82, 0x1, 0xe6, 0xc1, 0x0,
    0xff, 0x34, 0x80, 0x79, 0xf7, 0xaa, 0x19, 0xa7,
    0x8b, 0xec, 0x60, 0xe, 0x3c, 0x10, 0xf, 0xc7,
    0x20, 0x1c, 0xbd, 0x4, 0x1, 0xfe, 0x39, 0xd4,
    0x0, 0xc5, 0xa0, 0x1f, 0xb8, 0x3, 0xa2, 0x84,
    0x3, 0xff, 0x84, 0x57, 0x0, 0x18, 0xe4, 0x3,
    0xcc, 0x40, 0x1a, 0x1c, 0x3, 0xff, 0x8c, 0xf2,
    0x1, 0x99, 0x0, 0x3a, 0xc0, 0x32, 0x38, 0x7,
    0xff, 0x21, 0x94, 0x3, 0x48, 0x6, 0x22, 0x0,
    0x68, 0x0, 0xff, 0xe5, 0x58, 0x6, 0x25, 0x0,
    0x90, 0x3, 0x11, 0x80, 0x7f, 0xf2, 0x85, 0x80,
    0x34, 0x80, 0x5e, 0x1, 0x94, 0x3, 0xff, 0x99,
    0xa0, 0x18, 0xcc, 0x0, 0x20, 0xd, 0xc0, 0x1f,
    0xfc, 0xc5, 0x0, 0xeb, 0x0, 0x38, 0x6, 0x30,
    0xf, 0xfe, 0x60, 0x80, 0x72, 0x80, 0x7c, 0x60,
    0x1f, 0xfc, 0xc1, 0x0, 0xe2, 0x10, 0x60, 0xc,
    0x20, 0x1f, 0xfc, 0xc2, 0x0, 0xf2, 0x1, 0x0,
    0x6c, 0x0, 0xff, 0xe6, 0x20, 0x7, 0xb4, 0x34,
    0x3, 0x20, 0x80, 0x7f, 0xf2, 0xe8, 0x3, 0xc6,
    0x8, 0x1, 0xd2, 0x1, 0xff, 0xca, 0x62, 0x0,
    0xf3, 0x0, 0xa0, 0x6, 0x72, 0x0, 0xff, 0xe4,
    0x14, 0x80, 0x7c, 0x60, 0x8, 0x0, 0xec, 0x20,
    0xf, 0xfe, 0x31, 0x60, 0x4, 0x60, 0x18, 0x40,
    0x6, 0xc0, 0x18, 0x71, 0x0, 0x3f, 0xf8, 0x8b,
    0x82, 0x0, 0x28, 0x0, 0xfd, 0x24, 0x1, 0x86,
    0xe8, 0x80, 0x3f, 0xf8, 0x7, 0x74, 0x20, 0x17,
    0x38, 0x7, 0x8, 0x5, 0x82, 0x1, 0xcb, 0xb9,
    0x8, 0x40, 0x18, 0x96, 0x37, 0x10, 0x3, 0x59,
    0x88, 0x7, 0xf0, 0xf9, 0x80, 0x78, 0xde, 0xf7,
    0xff, 0x6d, 0x39, 0x0, 0x61, 0xb4, 0x0, 0xff,
    0xe0, 0xe, 0x38, 0x7, 0xff, 0x21, 0x3d, 0x0,
    0x3f, 0xf8, 0x71, 0xac, 0x1, 0xff, 0xc4, 0x3b,
    0xb0, 0x80, 0x42, 0x1, 0xc2, 0x1, 0xf1, 0x4f,
    0x4a, 0x88, 0x7, 0xf1, 0xc6, 0xe2, 0x0, 0x73,
    0x80, 0x61, 0x0, 0xff, 0xb, 0x57, 0x73, 0x2e,
    0xaa, 0xbd, 0xfc, 0x72, 0x0, 0xf8, 0x80, 0x31,
    0x80, 0x7f, 0xf0, 0x84, 0xd1, 0x56, 0x42, 0x0,
    0xff, 0xb8, 0x3, 0x38, 0x7, 0xff, 0x54, 0xc0,
    0x31, 0x0, 0x7f, 0xf5, 0x50, 0x3, 0x60, 0x7,
    0xff, 0x50, 0xc0, 0x39, 0x40, 0x3f, 0xfa, 0x96,
    0x1, 0x8c, 0x40, 0x3f, 0xfa, 0x8c, 0x1, 0xac,
    0x3, 0xff, 0xa8, 0xa2, 0x1, 0x98, 0x3, 0xff,
    0xa9, 0x0, 0x19, 0x44, 0x3, 0xff, 0xa7, 0x4,
    0x1, 0xa4, 0x3, 0xff, 0xa6, 0x8e, 0x1, 0x94,
    0xc0, 0x3f, 0xfa, 0x47, 0x60, 0x1d, 0x60, 0x1f,
    0xfd, 0x24, 0xc0, 0xe, 0xa1, 0x0, 0xff, 0xe8,
    0xc5, 0x80, 0x73, 0x28, 0x7, 0xf0, 0xd1, 0x0,
    0x7f, 0xf1, 0x17, 0x5c, 0x3, 0x92, 0x40, 0x3f,
    0xd2, 0xbb, 0x6c, 0x20, 0x1f, 0xe3, 0x8e, 0xa2,
    0x0, 0xe5, 0xb0, 0xf, 0xf0, 0xb8, 0x1, 0x27,
    0xb9, 0x95, 0x31, 0x9, 0xac, 0xfc, 0x71, 0x0,
    0xf3, 0xd0, 0x7, 0xfd, 0x20, 0x1e, 0x13, 0x56,
    0x77, 0x32, 0x98, 0x7, 0xe2, 0xc8, 0x0, 0xff,
    0xe0, 0x70, 0x80, 0x7f, 0xf2, 0x6, 0x74, 0xc0,
    0x3f, 0xf8, 0x2d, 0xd2, 0x60, 0x1f, 0xfc, 0x44,
    0xae, 0x60, 0xf, 0xfe, 0x2b, 0x67, 0x53, 0xa9,
    0x88, 0x6, 0x13, 0x58, 0xbf, 0xb5, 0x0, 0xff,
    0xe1, 0x0,

    /* U+003A ":" */
    0x0, 0x2e, 0xff, 0x40, 0x4, 0xd4, 0x40, 0x2f,
    0x60, 0x9, 0x0, 0xe4, 0x32, 0x0, 0xf9, 0x40,
    0x3f, 0x88, 0x80, 0x1e, 0x40, 0xe0, 0xe, 0x82,
    0x3, 0xd5, 0x34, 0xb7, 0x0, 0x8a, 0xb2, 0xd0,
    0x3, 0xff, 0xfe, 0x1, 0xff, 0xff, 0x0, 0xff,
    0xef, 0x9d, 0x65, 0xa8, 0x4, 0x98, 0xa6, 0x95,
    0x0, 0xa, 0x0, 0xe7, 0x22, 0x8, 0x7, 0x90,
    0x3, 0xf8, 0x84, 0x3, 0xca, 0x16, 0x1, 0xcc,
    0x60, 0xb4, 0x40, 0x31, 0x20,

    /* U+003B ";" */
    0x0, 0x2e, 0xff, 0x40, 0x4, 0xd4, 0x40, 0x2f,
    0x60, 0x9, 0x0, 0xe4, 0x32, 0x0, 0xf9, 0x40,
    0x3f, 0x88, 0x80, 0x1e, 0x40, 0xe0, 0xe, 0x82,
    0x3, 0xd5, 0x34, 0xb7, 0x0, 0x8a, 0xb2, 0xd0,
    0x3, 0xff, 0xfe, 0x1, 0xff, 0xff, 0x0, 0xff,
    0xef, 0x8c, 0x5d, 0x20, 0x4, 0x7e, 0xe8, 0xb6,
    0xe0, 0xf, 0x10, 0xd, 0x4, 0x6, 0x1, 0xe4,
    0x10, 0xf, 0x84, 0x60, 0xf, 0x10, 0x58, 0x7,
    0x90, 0x16, 0x88, 0x2, 0x31, 0x0, 0x2b, 0x80,
    0x54, 0x1, 0x90, 0x2, 0x70, 0x8, 0x84, 0x0,
    0x42, 0x1, 0x20, 0x4, 0xa0, 0x1b, 0x0, 0x2b,
    0x0, 0xc8, 0x0, 0x13, 0x0, 0x88, 0x40, 0xe,
    0x1, 0x9c, 0x2, 0xd0, 0xd, 0x80, 0x1, 0x40,
    0xc, 0x80, 0x4, 0x0, 0xc0,

    /* U+003C "<" */
    0x0, 0xff, 0xe8, 0x9c, 0xa8, 0x7, 0xff, 0x3d,
    0xb3, 0xc, 0x1, 0xff, 0xcd, 0x39, 0xf9, 0x30,
    0xf, 0xfe, 0x6b, 0x66, 0x18, 0x3, 0xff, 0x9a,
    0x73, 0xf2, 0x60, 0x1e, 0x26, 0x0, 0xff, 0xe2,
    0xb6, 0xe3, 0x0, 0x7c, 0xd9, 0xa6, 0x1, 0xff,
    0xc2, 0x3a, 0xf9, 0x20, 0xf, 0x1c, 0xfc, 0x98,
    0x7, 0xff, 0x4, 0x5b, 0x71, 0x40, 0x3e, 0x6c,
    0xc3, 0x0, 0x7f, 0xf0, 0x8e, 0xba, 0x48, 0x3,
    0xc7, 0x5f, 0x26, 0x1, 0xff, 0xc1, 0x16, 0xdc,
    0x50, 0xf, 0xb, 0xee, 0x28, 0x7, 0xff, 0x8,
    0xeb, 0xa4, 0x80, 0x3c, 0x95, 0xd0, 0x40, 0x1f,
    0xfc, 0x11, 0x7d, 0xc5, 0x0, 0xf0, 0xbf, 0x5a,
    0x80, 0x7f, 0xf0, 0xeb, 0xa0, 0x80, 0x3c, 0xb7,
    0xd0, 0x20, 0x1f, 0xfc, 0x55, 0x0, 0xf1, 0x47,
    0x52, 0x0, 0x7f, 0xf3, 0x57, 0x35, 0xc4, 0x3,
    0xff, 0x9e, 0xe8, 0x20, 0x1f, 0xfd, 0x12, 0x8e,
    0xa4, 0x0, 0xff, 0xe5, 0x49, 0x0, 0x79, 0x6f,
    0x9c, 0x40, 0x3f, 0xf8, 0xed, 0xb8, 0xa0, 0x1e,
    0x18, 0xeb, 0x50, 0xf, 0xfe, 0x39, 0xd7, 0x41,
    0x0, 0x79, 0x2b, 0xa0, 0x80, 0x3f, 0xf8, 0xc2,
    0xfb, 0x8a, 0x1, 0xe1, 0x7d, 0xb5, 0x0, 0xff,
    0xe3, 0x9d, 0x74, 0x90, 0x7, 0x92, 0xba, 0x48,
    0x3, 0xff, 0x8c, 0x2d, 0xb8, 0xa0, 0x1e, 0x16,
    0xdc, 0x60, 0xf, 0xfe, 0x39, 0xd7, 0x49, 0x0,
    0x78, 0xe7, 0xe4, 0xc0, 0x3f, 0xf8, 0xc2, 0xdb,
    0x8a, 0x1, 0xf3, 0x66, 0xb0, 0x80, 0x7f, 0xf1,
    0x8e, 0xba, 0x48, 0x3, 0xc5, 0x3c, 0x80, 0x1f,
    0xfc, 0x71, 0x6d, 0xc6, 0x0, 0xf8, 0x40, 0x3f,
    0xf9, 0x47, 0x3f, 0x24, 0x1, 0xff, 0xd2, 0x6d,
    0xc6, 0x0, 0xff, 0xe9, 0x1c, 0xfc, 0xb0,

    /* U+003D "=" */
    0xff, 0xff, 0xe9, 0xa8, 0x7, 0xff, 0xfc, 0x3,
    0xff, 0x93, 0x99, 0xff, 0xd3, 0x43, 0x3f, 0xfe,
    0x98, 0x80, 0x7f, 0xff, 0xc0, 0x3f, 0xff, 0xe0,
    0x1f, 0xff, 0xf0, 0xf, 0xff, 0xf8, 0x7, 0xff,
    0x20, 0xcf, 0xff, 0xa6, 0x39, 0x9f, 0xfd, 0x34,
    0x0, 0xff, 0xff, 0x80, 0x7f, 0xf2, 0x40,

    /* U+003E ">" */
    0xb5, 0x0, 0xff, 0xe9, 0x25, 0x74, 0x10, 0x7,
    0xff, 0x44, 0x5f, 0x71, 0x40, 0x3f, 0xfa, 0x47,
    0x5d, 0x24, 0x1, 0xff, 0xca, 0x50, 0xf, 0xb,
    0x6e, 0x30, 0x7, 0xff, 0x22, 0xba, 0x8, 0x3,
    0xc7, 0x3f, 0x24, 0x1, 0xff, 0xc6, 0x17, 0xdc,
    0x50, 0xf, 0x9b, 0x71, 0x80, 0x3f, 0xf8, 0xe7,
    0x5d, 0x24, 0x1, 0xe3, 0x9f, 0x93, 0x0, 0xff,
    0xe3, 0xb, 0x6e, 0x30, 0x7, 0xcd, 0x98, 0x60,
    0xf, 0xfe, 0x39, 0xcf, 0xc9, 0x80, 0x78, 0xe7,
    0xe4, 0xc0, 0x3f, 0xf8, 0xed, 0x9a, 0xc2, 0x1,
    0xe6, 0xcc, 0x30, 0x7, 0xff, 0x1c, 0xa7, 0xa9,
    0x0, 0x3c, 0x73, 0xf2, 0x60, 0x1f, 0xfc, 0x75,
    0xbd, 0x71, 0x0, 0xf3, 0x66, 0xc, 0x3, 0xff,
    0x8e, 0x51, 0xd6, 0x80, 0x1e, 0x36, 0x0, 0xff,
    0xe5, 0x25, 0xf4, 0x8, 0x7, 0xff, 0x45, 0x70,
    0x40, 0x3f, 0xf9, 0xc5, 0x1d, 0x68, 0x1, 0xff,
    0xcd, 0x5b, 0xd7, 0x10, 0xf, 0x32, 0x0, 0x7f,
    0xf1, 0xa, 0x3a, 0x90, 0x3, 0xc7, 0x3f, 0x22,
    0x1, 0xff, 0xc2, 0x6c, 0xd7, 0x10, 0xf, 0x36,
    0x61, 0x80, 0x3f, 0xf8, 0x47, 0x3f, 0x26, 0x1,
    0xe3, 0x9f, 0x93, 0x0, 0xff, 0xe1, 0x36, 0x61,
    0x80, 0x3e, 0x6c, 0xc3, 0x0, 0x7f, 0xf0, 0x8e,
    0xbe, 0x4c, 0x3, 0xc7, 0x3f, 0x26, 0x1, 0xff,
    0xc1, 0x17, 0xdc, 0x50, 0xf, 0x9b, 0x30, 0xc0,
    0x1f, 0xfc, 0x24, 0xae, 0x82, 0x0, 0xf1, 0xcf,
    0xc9, 0x80, 0x7f, 0xf0, 0xf6, 0xd4, 0x3, 0xe6,
    0xdc, 0x60, 0xf, 0xfe, 0x31, 0x0, 0x78, 0xe7,
    0xe4, 0x80, 0x3f, 0xf9, 0xad, 0xb8, 0xc0, 0x1f,
    0xfc, 0xd3, 0x9f, 0x92, 0x0, 0xff, 0xe6, 0xbe,
    0xe3, 0x0, 0x7f, 0xf4, 0x0,

    /* U+003F "?" */
    0x0, 0xff, 0x89, 0x62, 0xf7, 0xbf, 0xf7, 0x65,
    0x39, 0x80, 0x7f, 0xf1, 0x8a, 0x37, 0x54, 0xe8,
    0x42, 0x1, 0x84, 0xd6, 0x33, 0xa0, 0x80, 0x3f,
    0xf8, 0x27, 0x7a, 0xe4, 0x1, 0xff, 0xc3, 0x17,
    0xd9, 0x10, 0xf, 0xe1, 0x9c, 0x40, 0xf, 0xfe,
    0x4b, 0x7a, 0x0, 0x7c, 0x7e, 0xc0, 0x1f, 0x89,
    0x19, 0xde, 0x64, 0x10, 0xf, 0x86, 0xd4, 0x3,
    0x97, 0x4, 0x3, 0x85, 0xaf, 0xf6, 0xe6, 0x22,
    0x9b, 0xed, 0x81, 0x0, 0xf5, 0x18, 0x4, 0x94,
    0x1, 0xc3, 0x3d, 0x28, 0x1, 0xfe, 0x27, 0xe7,
    0x0, 0xf7, 0x0, 0x5e, 0x1, 0xcb, 0xec, 0x1,
    0xff, 0xc4, 0x8b, 0x0, 0xe2, 0x70, 0x5, 0xb8,
    0x5, 0x34, 0x20, 0x1f, 0xfc, 0x64, 0xa0, 0xe,
    0xa0, 0xa, 0x2c, 0x69, 0x80, 0x3f, 0xf9, 0x2a,
    0x80, 0x18, 0x84, 0x2, 0x4e, 0x50, 0xf, 0xfe,
    0x5f, 0x0, 0x72, 0x80, 0x7f, 0xf4, 0x54, 0x3,
    0x88, 0x3, 0xff, 0xa4, 0x20, 0x1f, 0xfd, 0xc3,
    0x0, 0xff, 0xe9, 0x8, 0x6, 0x10, 0xf, 0xfe,
    0x89, 0x80, 0x72, 0x80, 0x7f, 0xf4, 0x68, 0x3,
    0x18, 0x80, 0x7f, 0xf4, 0x9, 0x80, 0x35, 0x0,
    0x7f, 0xf4, 0x78, 0x3, 0x13, 0x0, 0x7f, 0xf4,
    0x24, 0xc0, 0x34, 0x80, 0x7f, 0xf4, 0x25, 0x80,
    0x33, 0xa0, 0x7, 0xff, 0x3e, 0x98, 0x3, 0x2c,
    0x0, 0x7f, 0xf3, 0x87, 0x14, 0x3, 0x25, 0x0,
    0x7f, 0xf3, 0x8b, 0xc, 0x3, 0x2d, 0x80, 0x7f,
    0xf3, 0x8f, 0x8, 0x3, 0x3d, 0x0, 0x7f, 0xf3,
    0x8f, 0x44, 0x3, 0x4c, 0x0, 0x7f, 0xf3, 0x8b,
    0x44, 0x3, 0x53, 0x0, 0x7f, 0xf3, 0xf8, 0x40,
    0x35, 0xa8, 0x7, 0xff, 0x3d, 0xcc, 0x3, 0x4a,
    0x0, 0x7f, 0xf4, 0x24, 0x3, 0x23, 0x0, 0x7f,
    0xf4, 0x18, 0x40, 0x34, 0x80, 0x7f, 0xf4, 0x74,
    0x3, 0x19, 0x0, 0x7f, 0xf4, 0x54, 0x3, 0x58,
    0x7, 0xff, 0x48, 0x40, 0x31, 0x0, 0x7f, 0xf4,
    0x8c, 0xf9, 0x80, 0x3f, 0xfa, 0x59, 0x9c, 0x60,
    0x1f, 0xff, 0xf0, 0xf, 0xff, 0xf8, 0x7, 0xff,
    0xfc, 0x3, 0xff, 0x94, 0x6c, 0x80, 0x1f, 0xfd,
    0x31, 0xcc, 0x4d, 0xf1, 0x80, 0x7f, 0xf4, 0x68,
    0xc0, 0x21, 0xd0, 0xf, 0xfe, 0x80, 0xa0, 0x7,
    0xa, 0x80, 0x7f, 0xf3, 0xcc, 0x3, 0xe3, 0x0,
    0xff, 0xe7, 0x90, 0x80, 0x79, 0x40, 0x3f, 0xfa,
    0x16, 0x1, 0xca, 0x60, 0x1f, 0xfd, 0x5, 0xa2,
    0x1, 0x7a, 0x0, 0xff, 0xe0, 0x80,

    /* U+0040 "@" */
    0x0, 0xff, 0xe6, 0x8a, 0x3c, 0xde, 0xf7, 0xff,
    0x76, 0x5c, 0xb1, 0x80, 0x7f, 0xf8, 0xd2, 0x77,
    0xae, 0x19, 0x8, 0x40, 0x38, 0x4d, 0x1a, 0x73,
    0xf1, 0xcc, 0x3, 0xff, 0xb8, 0x53, 0xd6, 0xc4,
    0x1, 0xff, 0xc7, 0x38, 0xcd, 0x71, 0x0, 0xff,
    0xeb, 0x9d, 0xeb, 0x8, 0x7, 0xe2, 0x34, 0x55,
    0x90, 0xc8, 0x3, 0xf1, 0x47, 0x49, 0x0, 0x7f,
    0xf4, 0xca, 0xf1, 0x0, 0x3c, 0x91, 0x7d, 0xfb,
    0x97, 0x55, 0x5e, 0x6f, 0xed, 0xba, 0x0, 0x79,
    0xb6, 0x44, 0x3, 0xff, 0xa1, 0x1a, 0x80, 0x1c,
    0xb7, 0xf6, 0xe8, 0x20, 0x1f, 0xf1, 0x24, 0x5f,
    0xd2, 0x80, 0x73, 0x7a, 0x80, 0x7f, 0xf3, 0x4b,
    0x5c, 0x3, 0xc, 0x75, 0x20, 0x7, 0xff, 0x25,
    0x6b, 0xa0, 0x40, 0x21, 0xaa, 0x8, 0x7, 0xff,
    0x29, 0x74, 0x80, 0x34, 0x73, 0x88, 0x7, 0xff,
    0x34, 0x5f, 0xa0, 0x3, 0x2e, 0x10, 0x7, 0xff,
    0x21, 0xe8, 0x3, 0x2f, 0x38, 0x7, 0xff, 0x4d,
    0xf9, 0x40, 0x22, 0xd4, 0x0, 0xff, 0xe3, 0x44,
    0x0, 0x34, 0xd0, 0x80, 0x7f, 0xf5, 0x46, 0xa8,
    0x1, 0xad, 0x0, 0x3f, 0xf8, 0x8e, 0xe0, 0x8,
    0x71, 0x80, 0x3f, 0xfb, 0x2b, 0x82, 0x1, 0x59,
    0x80, 0x7f, 0xf0, 0x96, 0x0, 0x22, 0xf3, 0x0,
    0xff, 0xed, 0x9f, 0x90, 0x5, 0xa4, 0x1, 0xff,
    0xc0, 0x2a, 0x0, 0x87, 0x4, 0x3, 0xff, 0xba,
    0x38, 0x40, 0x1, 0xe0, 0xf, 0xfe, 0x7, 0x80,
    0x6c, 0x10, 0xf, 0xfe, 0x11, 0x35, 0x6f, 0x7f,
    0xdb, 0x70, 0x80, 0x1f, 0x9a, 0xef, 0x8, 0x4,
    0x3e, 0x1, 0x1c, 0x0, 0x7f, 0xa0, 0x80, 0x2b,
    0x20, 0xf, 0xfe, 0xa, 0xe6, 0xca, 0x90, 0x80,
    0x44, 0x8f, 0x7d, 0x2, 0x1, 0xdc, 0x89, 0x8c,
    0x3, 0x15, 0x80, 0x4e, 0x60, 0x1f, 0x89, 0xc0,
    0x26, 0x40, 0xf, 0xfe, 0x2, 0x6d, 0x18, 0x7,
    0xff, 0x0, 0x5f, 0xa0, 0x3, 0xff, 0x86, 0x8c,
    0x1, 0x78, 0x7, 0xe8, 0x0, 0x86, 0x40, 0x3f,
    0xf8, 0x13, 0x64, 0x1, 0xff, 0xc5, 0x7c, 0x10,
    0xf, 0xfe, 0x14, 0x88, 0x0, 0xd0, 0x3, 0xc4,
    0xa0, 0x15, 0x80, 0x7f, 0xf0, 0x31, 0x80, 0x3c,
    0x6f, 0x59, 0xba, 0xc9, 0x61, 0x0, 0xc7, 0xe4,
    0x1, 0xff, 0xc2, 0xb0, 0xa, 0x0, 0x3d, 0x60,
    0x11, 0xa8, 0x7, 0xfd, 0x86, 0x1, 0xcf, 0xd9,
    0xa, 0x64, 0x43, 0x69, 0xec, 0x40, 0x8, 0x70,
    0x40, 0x3f, 0xf8, 0x2a, 0x40, 0x3, 0x30, 0x6,
    0x16, 0x0, 0xa0, 0x3, 0xfe, 0xa3, 0x0, 0xc9,
    0xd0, 0x20, 0x1f, 0xe3, 0xbb, 0x8, 0x0, 0x74,
    0x3, 0xff, 0x85, 0x0, 0x14, 0x80, 0x67, 0x0,
    0x89, 0x0, 0x3f, 0xcc, 0xa0, 0x19, 0xec, 0x40,
    0x3f, 0xf8, 0x49, 0xe6, 0x0, 0x36, 0x0, 0xff,
    0xe0, 0xa8, 0x80, 0x14, 0x3, 0x68, 0x5, 0x40,
    0x1f, 0xe1, 0x90, 0xc, 0xf0, 0x1, 0xff, 0xc5,
    0x1d, 0x20, 0x0, 0x80, 0x7f, 0xf0, 0x9c, 0x2,
    0x40, 0x9, 0x0, 0x25, 0x0, 0xff, 0x40, 0x6,
    0x38, 0x0, 0xff, 0xe3, 0x8f, 0x80, 0x7f, 0xf1,
    0x68, 0x2, 0xd0, 0x2, 0x0, 0x44, 0x40, 0xf,
    0xe1, 0x60, 0xd, 0xc0, 0x1f, 0xfc, 0x92, 0x80,
    0xf, 0xfe, 0x21, 0x80, 0x48, 0x0, 0xc0, 0x9,
    0x40, 0x3f, 0xcc, 0x1, 0x98, 0x80, 0x3f, 0xf9,
    0x4e, 0x20, 0x1f, 0xfc, 0x44, 0x0, 0x10, 0x0,
    0xc0, 0x2d, 0x0, 0xff, 0x50, 0x6, 0xb0, 0xf,
    0xfe, 0x64, 0x80, 0x7f, 0xf1, 0xc, 0x2, 0x30,
    0x60, 0x9, 0xc0, 0x3f, 0x84, 0x80, 0x23, 0x20,
    0xf, 0xfe, 0x62, 0x80, 0x7f, 0xf1, 0x34, 0x2,
    0x60, 0x20, 0x8, 0x80, 0x3f, 0x94, 0x3, 0x20,
    0x7, 0xff, 0x34, 0x88, 0x1, 0xff, 0xc3, 0x60,
    0x8, 0x84, 0x2, 0x10, 0xf, 0xf1, 0x80, 0x6d,
    0x0, 0xff, 0xe7, 0x38, 0x7, 0xff, 0xc, 0x40,
    0x2f, 0x30, 0x8, 0x80, 0x3f, 0xde, 0x1, 0x98,
    0x3, 0xff, 0x9c, 0x40, 0x1f, 0xfc, 0x33, 0x0,
    0x84, 0x40, 0x13, 0x80, 0x7f, 0x84, 0x3, 0x8,
    0x7, 0xff, 0x3b, 0xc0, 0x3f, 0xf8, 0x62, 0x1,
    0xff, 0xc7, 0x30, 0xc, 0x60, 0x1f, 0xff, 0x23,
    0x0, 0xc6, 0x1, 0xff, 0xde, 0x10, 0xf, 0xfe,
    0x38, 0x80, 0x61, 0x0, 0xff, 0xe7, 0x70, 0x7,
    0xff, 0x1c, 0x44, 0x1, 0x38, 0x7, 0xfb, 0x80,
    0x33, 0x0, 0x7f, 0xf3, 0x88, 0x3, 0xff, 0x86,
    0x40, 0x17, 0x98, 0x4, 0x40, 0x1f, 0xe2, 0x0,
    0xda, 0x1, 0xff, 0xce, 0x50, 0xf, 0xfe, 0x1b,
    0x80, 0x42, 0x20, 0x8, 0x40, 0x3f, 0xca, 0x1,
    0x94, 0x3, 0xff, 0x9a, 0x42, 0x1, 0xff, 0xc3,
    0x20, 0x8, 0x80, 0x80, 0x22, 0x0, 0xfe, 0x13,
    0x0, 0x88, 0x80, 0x1f, 0xfc, 0xca, 0x0, 0xff,
    0xe2, 0x78, 0x4, 0xa0, 0xe0, 0x13, 0x80, 0x7f,
    0xac, 0x3, 0x40, 0x7, 0xff, 0x31, 0x80, 0x3f,
    0xf8, 0x8a, 0x0, 0x11, 0x6, 0x80, 0x58, 0x1,
    0xfe, 0x60, 0xc, 0xa4, 0x1, 0xff, 0xca, 0x71,
    0x0, 0xff, 0xe1, 0x89, 0x80, 0x14, 0x0, 0x80,
    0x12, 0x0, 0x7f, 0x85, 0xc0, 0x37, 0x0, 0x7f,
    0xf2, 0x4a, 0x0, 0x3f, 0xf8, 0x8e, 0x1, 0x68,
    0x0, 0xc0, 0x22, 0x20, 0x7, 0xfa, 0x44, 0x2,
    0x3a, 0x0, 0xff, 0xe3, 0x8f, 0x80, 0x7c, 0x20,
    0x1f, 0xd4, 0x1, 0x38, 0x4, 0xa0, 0x12, 0x80,
    0x7f, 0x86, 0xc0, 0x32, 0xc8, 0x7, 0xff, 0x14,
    0x70, 0x80, 0x8, 0x1, 0x98, 0x3, 0xf2, 0x18,
    0x1, 0x4, 0x2, 0xf0, 0xa, 0x80, 0x3f, 0xe5,
    0x60, 0xc, 0xd8, 0x20, 0x1f, 0xfc, 0x24, 0xf2,
    0x0, 0x24, 0x0, 0x6f, 0x0, 0xf8, 0x68, 0x2,
    0xf0, 0xc, 0xa2, 0x0, 0x24, 0x0, 0xff, 0xa5,
    0x0, 0x31, 0xf4, 0x8, 0x7, 0xf8, 0xee, 0xc2,
    0x0, 0x2a, 0x30, 0xc, 0xaa, 0x0, 0xe1, 0xd1,
    0x0, 0x1a, 0x0, 0x73, 0x0, 0x50, 0x1, 0xff,
    0xc0, 0xb4, 0x0, 0xe7, 0xeb, 0x74, 0x21, 0x11,
    0x2c, 0x6e, 0x20, 0x4, 0x58, 0x20, 0xa0, 0x1a,
    0xa4, 0xc4, 0x9f, 0xcc, 0x2, 0xe0, 0xf, 0x48,
    0x4, 0x6a, 0x1, 0xff, 0xc0, 0xb7, 0x0, 0xf2,
    0x45, 0xef, 0x73, 0x69, 0xc8, 0x3, 0x1e, 0x8,
    0x2, 0x0, 0x39, 0xb3, 0xb6, 0x4, 0x2, 0xa2,
    0x0, 0xf0, 0xb0, 0x5, 0x0, 0x1f, 0xfc, 0x18,
    0xc2, 0x0, 0xff, 0xe2, 0xc6, 0x8, 0x4, 0x52,
    0x1, 0xff, 0xc0, 0x95, 0x0, 0xfd, 0x0, 0x11,
    0x40, 0x7, 0xff, 0x4, 0xf6, 0x8c, 0x3, 0xff,
    0x80, 0x2f, 0xce, 0x1, 0xe6, 0xa1, 0x0, 0xfc,
    0x58, 0xc0, 0x1f, 0xc3, 0x0, 0x13, 0xa0, 0x7,
    0xff, 0x9, 0x73, 0x65, 0x4c, 0x40, 0x22, 0x47,
    0xbe, 0x81, 0x0, 0xfc, 0xbf, 0x8, 0x20, 0x2,
    0x5a, 0xd3, 0x0, 0xff, 0x9c, 0xc0, 0x2a, 0x20,
    0xf, 0xfe, 0x19, 0x35, 0x67, 0x7f, 0xdb, 0x70,
    0x80, 0x1f, 0xfc, 0x1, 0x7b, 0xef, 0xf6, 0xd2,
    0x80, 0x7f, 0xf0, 0xb8, 0x2, 0x1f, 0x10, 0xf,
    0xff, 0x89, 0x58, 0x4, 0x58, 0x20, 0x1f, 0xff,
    0x14, 0x80, 0x8, 0xbc, 0x80, 0x3f, 0xfe, 0x2f,
    0x0, 0x10, 0xea, 0x80, 0x7f, 0xfc, 0x5e, 0x0,
    0x35, 0x50, 0x40, 0x3f, 0xfe, 0xf, 0x40, 0x19,
    0x7d, 0x80, 0x3f, 0xfe, 0xb, 0xa4, 0x1, 0xc,
    0xf3, 0x0, 0x7f, 0xf3, 0x4a, 0x40, 0x3f, 0xfa,
    0x85, 0xac, 0x1, 0x86, 0x7e, 0x50, 0x3, 0xff,
    0x8e, 0x2d, 0x9a, 0xca, 0x1, 0xff, 0xd5, 0x9c,
    0x30, 0xe, 0x6b, 0xea, 0x73, 0x10, 0xf, 0xf1,
    0x2c, 0xe7, 0x49, 0x80, 0x38, 0x3, 0xff, 0xac,
    0x79, 0x66, 0x1, 0xc2, 0xb1, 0x9d, 0xcd, 0xbb,
    0x55, 0x2f, 0x37, 0xf6, 0x98, 0xc0, 0x39, 0x40,
    0x3f, 0xfb, 0x9, 0x98, 0x60, 0xf, 0xc2, 0x48,
    0x85, 0x52, 0x19, 0x0, 0x7e, 0x28, 0xe0, 0xf,
    0xfe, 0xd1, 0xcf, 0xd3, 0x8, 0x7, 0xff, 0x18,
    0xe3, 0x35, 0xc0, 0x3f, 0xfb, 0xcb, 0x3d, 0xca,
    0x85, 0x32, 0x10, 0xc, 0x24, 0x8d, 0x39, 0xf8,
    0xe6, 0x1, 0xff, 0xca,

    /* U+0041 "A" */
    0x0, 0xff, 0xe5, 0xf, 0xff, 0x50, 0x7, 0xff,
    0x86, 0x40, 0x39, 0x48, 0x3, 0xff, 0xc0, 0xc0,
    0x1e, 0xb0, 0xf, 0xfe, 0xfb, 0x8, 0x7, 0x98,
    0x40, 0x3f, 0xfb, 0xd6, 0x1, 0xfa, 0x40, 0x3f,
    0xfb, 0xaa, 0x40, 0x11, 0x0, 0x66, 0x0, 0xff,
    0xee, 0xc8, 0x6, 0x94, 0x0, 0x85, 0x80, 0x3f,
    0xfb, 0x68, 0x60, 0x11, 0x27, 0x80, 0x68, 0x0,
    0xff, 0xed, 0xf8, 0x6, 0xb0, 0x42, 0x0, 0x85,
    0x40, 0x3f, 0xfb, 0x26, 0x80, 0x10, 0xb0, 0x2,
    0xc0, 0x34, 0x0, 0x7f, 0xf6, 0x64, 0x3, 0x48,
    0x4, 0xc2, 0x1, 0x12, 0x0, 0x7f, 0xf5, 0xc9,
    0x40, 0x33, 0x0, 0x69, 0x0, 0xde, 0x1, 0xff,
    0xd7, 0xb0, 0xc, 0xc2, 0x1, 0x98, 0x3, 0x21,
    0x80, 0x7f, 0xf5, 0x45, 0x80, 0x35, 0x80, 0x70,
    0xb0, 0x6, 0x90, 0xf, 0xfe, 0xab, 0x0, 0x64,
    0x20, 0xf, 0x58, 0x6, 0x52, 0x0, 0xff, 0xea,
    0x48, 0x6, 0x80, 0xf, 0x89, 0x40, 0x35, 0x80,
    0x7f, 0xf4, 0xd8, 0x40, 0x23, 0x30, 0x7, 0xe9,
    0x0, 0xcc, 0x20, 0x1f, 0xfd, 0x2b, 0x0, 0xd2,
    0x1, 0xfc, 0x66, 0x0, 0xd2, 0x1, 0xff, 0xd1,
    0x52, 0x0, 0x89, 0x40, 0x3f, 0xd2, 0x1, 0x98,
    0x3, 0xff, 0xa3, 0x20, 0x1a, 0x80, 0x3f, 0xe5,
    0x20, 0x8, 0x58, 0x3, 0xff, 0x9e, 0x86, 0x1,
    0xb, 0x80, 0x7f, 0xf0, 0x2c, 0x3, 0x58, 0x7,
    0xff, 0x3f, 0xc0, 0x33, 0x0, 0x7f, 0xf0, 0x58,
    0x40, 0x22, 0x50, 0xf, 0xfe, 0x69, 0xa0, 0x6,
    0x90, 0xf, 0xfe, 0x13, 0x0, 0x69, 0x0, 0xff,
    0xe6, 0xc8, 0x6, 0x51, 0x0, 0xff, 0xe1, 0x48,
    0x6, 0x34, 0x0, 0xff, 0xe5, 0x92, 0x80, 0x68,
    0x0, 0xff, 0xe1, 0x8a, 0x80, 0x6f, 0x0, 0xff,
    0xe5, 0xd8, 0x6, 0x42, 0x0, 0xff, 0xe2, 0x40,
    0x6, 0x43, 0x0, 0xff, 0xe4, 0x8b, 0x0, 0x6f,
    0x0, 0xff, 0xe2, 0x92, 0x0, 0x69, 0x0, 0xff,
    0xe4, 0xb0, 0x6, 0x24, 0x0, 0xff, 0xe3, 0x78,
    0x6, 0x52, 0x0, 0xff, 0xe4, 0x48, 0x6, 0xb0,
    0xf, 0xfe, 0x3a, 0x10, 0x6, 0xb0, 0xf, 0xfe,
    0x3b, 0x8, 0x4, 0x2c, 0x1, 0xff, 0xc8, 0xb0,
    0xc, 0xc2, 0x1, 0xff, 0xc6, 0xb0, 0xd, 0x20,
    0x1f, 0xfc, 0x96, 0x10, 0xc, 0xc0, 0x1f, 0xfc,
    0x55, 0x20, 0xc, 0xc0, 0x1f, 0xfc, 0xa9, 0x0,
    0xd2, 0x1, 0xff, 0xc5, 0x90, 0xe, 0xef, 0xff,
    0xfe, 0x54, 0x0, 0x61, 0x60, 0xf, 0xfe, 0x1a,
    0x18, 0x7, 0xff, 0x5a, 0xc0, 0x3f, 0xf8, 0x7e,
    0x1, 0xff, 0xd7, 0x25, 0x0, 0xff, 0xe0, 0x92,
    0x0, 0x7f, 0xf6, 0x24, 0x3, 0xff, 0x83, 0x0,
    0x18, 0xea, 0xbf, 0xf9, 0xf2, 0x1, 0x8d, 0x0,
    0x3f, 0xe1, 0x50, 0xd, 0x2a, 0xbf, 0xfc, 0xf6,
    0x30, 0xd, 0xe0, 0x1f, 0xf4, 0x80, 0x62, 0x50,
    0xf, 0xfe, 0x84, 0x80, 0x64, 0x30, 0xf, 0xe1,
    0x70, 0xd, 0x60, 0x1f, 0xfd, 0x15, 0x20, 0xd,
    0x20, 0x1f, 0xcc, 0x1, 0x85, 0x80, 0x3f, 0xfa,
    0x56, 0x1, 0x94, 0x40, 0x3f, 0x48, 0x6, 0x60,
    0xf, 0xfe, 0x9b, 0x8, 0x6, 0x80, 0xf, 0x98,
    0x40, 0x34, 0x80, 0x7f, 0xf5, 0x18, 0x3, 0x30,
    0x80, 0x7a, 0xc0, 0x33, 0x8, 0x7, 0xff, 0x52,
    0x40, 0x39, 0x80, 0x39, 0x48, 0x3, 0x58, 0x7,
    0xff, 0x54, 0x58, 0x3, 0x48, 0x7, 0x48, 0x6,
    0x42, 0x0, 0xff, 0xeb, 0x58, 0x6, 0x16, 0x0,
    0x8c, 0xc0, 0x1b, 0xc0, 0x3f, 0xfa, 0xe4, 0x80,
    0x1a, 0xc0, 0x28, 0x0, 0xc6, 0x80, 0x1f, 0xfd,
    0x8f, 0x0, 0xc4, 0xa0, 0x48, 0x1, 0xa4, 0x3,
    0xff, 0xb2, 0x84, 0x1, 0xa4, 0x20, 0x3, 0xa,
    0x80, 0x7f, 0xf6, 0xa0, 0x3, 0x1a, 0x0,

    /* U+0042 "B" */
    0xcf, 0xff, 0xfe, 0x5f, 0x6d, 0xc2, 0x90, 0x7,
    0xff, 0x64, 0x49, 0x1e, 0xb7, 0x4e, 0x20, 0x1f,
    0xfd, 0xc2, 0x8e, 0x81, 0x0, 0xff, 0xee, 0xbf,
    0xa0, 0x7, 0xff, 0x1, 0x26, 0x7f, 0xf8, 0xb0,
    0xea, 0x40, 0x1f, 0xd, 0xa8, 0x7, 0xfc, 0x6c,
    0xdf, 0xfc, 0x57, 0x8a, 0xde, 0x92, 0x0, 0xf5,
    0x20, 0x7, 0xff, 0x50, 0x5b, 0x68, 0x40, 0x3a,
    0x80, 0x3f, 0xfa, 0xeb, 0xe4, 0x1, 0x86, 0x0,
    0x3f, 0xfa, 0xe3, 0xe0, 0x1c, 0xc0, 0x1f, 0xfd,
    0x82, 0x70, 0xc, 0x26, 0x1, 0xff, 0xd8, 0x90,
    0xe, 0x40, 0xf, 0xfe, 0xc0, 0x90, 0x6, 0xe0,
    0xf, 0xfe, 0xcb, 0x0, 0x63, 0x0, 0xff, 0xec,
    0x88, 0x7, 0xff, 0x78, 0x40, 0x31, 0x80, 0x7f,
    0xf6, 0x58, 0x3, 0x70, 0x7, 0xff, 0x60, 0x88,
    0x1, 0x90, 0x3, 0xff, 0xb1, 0x40, 0x18, 0x4c,
    0x3, 0xff, 0xae, 0x4e, 0x1, 0xa4, 0x3, 0xff,
    0xae, 0x58, 0x1, 0x85, 0xc0, 0x3f, 0xfa, 0xcd,
    0xa2, 0x1, 0xa8, 0x3, 0xff, 0xa8, 0x2d, 0xb2,
    0x1, 0xd4, 0x80, 0x1f, 0xe3, 0x66, 0xff, 0xe2,
    0xbc, 0x56, 0xf4, 0x90, 0x6, 0x1b, 0x50, 0xf,
    0xf9, 0x26, 0x7f, 0xf8, 0xb0, 0xea, 0x40, 0x1e,
    0x6f, 0x40, 0xf, 0xfe, 0xda, 0xe8, 0x80, 0x7f,
    0xf7, 0x16, 0xfa, 0x4, 0x3, 0xff, 0xb8, 0x2f,
    0xea, 0x1, 0xfe, 0x7f, 0xff, 0xfe, 0x3f, 0x6d,
    0xca, 0x88, 0x7, 0xd, 0x48, 0x7, 0xff, 0x44,
    0x49, 0x1a, 0xba, 0xd0, 0x3, 0x9a, 0x0, 0x3f,
    0xfa, 0xc9, 0x76, 0x10, 0xc, 0xea, 0x1, 0xff,
    0xd7, 0x4c, 0x10, 0xd, 0x60, 0x1f, 0xfd, 0x82,
    0xa0, 0xc, 0x2c, 0x1, 0xff, 0xd8, 0x44, 0x0,
    0x6a, 0x0, 0xff, 0xec, 0xf0, 0x6, 0x30, 0xf,
    0xfe, 0xcb, 0x80, 0x71, 0x0, 0x7f, 0xf6, 0x8,
    0x3, 0x98, 0x3, 0xff, 0xbc, 0x20, 0x1f, 0xfd,
    0x81, 0x0, 0xe1, 0x0, 0xff, 0xec, 0x10, 0x7,
    0x38, 0x7, 0xff, 0x61, 0x0, 0x38, 0x80, 0x3f,
    0xfb, 0x12, 0x1, 0x88, 0x40, 0x3f, 0xfa, 0xf0,
    0x20, 0x1a, 0x80, 0x3f, 0xfa, 0xec, 0xe0, 0x1c,
    0xc0, 0x1f, 0xfd, 0x51, 0xa9, 0x0, 0xe8, 0x10,
    0xf, 0xfe, 0x9a, 0x57, 0x28, 0x7, 0x23, 0x80,
    0x7c, 0x6c, 0xdf, 0xfc, 0x77, 0x8a, 0xcf, 0xb5,
    0x0, 0xf1, 0xd8, 0x7, 0xe4, 0x99, 0xff, 0xe3,
    0xc3, 0xa9, 0x80, 0x7e, 0x6c, 0x0, 0xff, 0xed,
    0x9e, 0x48, 0x7, 0xff, 0x64, 0x5b, 0x30, 0x60,
    0x1f, 0xfd, 0x41, 0x24, 0x69, 0xde, 0x93, 0x0,
    0xfc,

    /* U+0043 "C" */
    0x0, 0xff, 0xe4, 0x23, 0xd6, 0x77, 0xfe, 0xed,
    0xb8, 0x51, 0x0, 0xff, 0xe7, 0x8b, 0xe7, 0xdc,
    0x29, 0x88, 0x6, 0x12, 0x47, 0xae, 0xd8, 0x20,
    0xf, 0xfe, 0x51, 0xd7, 0x41, 0x80, 0x7f, 0xf1,
    0x9, 0xf7, 0x10, 0x3, 0xff, 0x8c, 0x55, 0x8a,
    0x1, 0xff, 0xca, 0x3b, 0xc3, 0x0, 0xff, 0xe1,
    0xbe, 0xa8, 0x7, 0xf8, 0x4c, 0xc8, 0x64, 0x1,
    0xfe, 0x3c, 0x70, 0xf, 0xfe, 0x0, 0xe4, 0x0,
    0x7e, 0x49, 0xcf, 0xec, 0xc5, 0xe6, 0xff, 0x5b,
    0x98, 0x7, 0xd1, 0x60, 0x1f, 0xe2, 0xf3, 0x0,
    0xf1, 0x4f, 0xdb, 0x18, 0x7, 0xe1, 0x48, 0xcd,
    0x70, 0xf, 0x26, 0x8, 0x7, 0xc7, 0x82, 0x1,
    0xc5, 0x5a, 0xc0, 0x1f, 0xfc, 0x42, 0x8e, 0x60,
    0xe, 0x35, 0x0, 0xf1, 0x68, 0x80, 0x73, 0x6a,
    0x80, 0x7f, 0xf2, 0x6, 0x6c, 0x40, 0x2a, 0x40,
    0xe, 0x1f, 0x10, 0xe, 0xb9, 0x0, 0xff, 0xe6,
    0x27, 0x98, 0x5a, 0x80, 0x7a, 0x88, 0x3, 0xe,
    0x20, 0x7, 0xff, 0x38, 0x73, 0x8, 0x1, 0xe6,
    0x40, 0xe, 0xd3, 0x0, 0xff, 0xe8, 0x98, 0x7,
    0x86, 0x0, 0x3a, 0xcc, 0x3, 0xff, 0xb3, 0x22,
    0x1, 0x9d, 0x0, 0x3f, 0xfb, 0x22, 0xe0, 0x18,
    0xa0, 0x3, 0xff, 0xb4, 0xc0, 0x1d, 0x0, 0x1f,
    0xfd, 0xba, 0x0, 0xc4, 0xa0, 0x1f, 0xfd, 0xa2,
    0x20, 0x6, 0xb0, 0xf, 0xfe, 0xda, 0x80, 0x73,
    0x0, 0x7f, 0xf6, 0xf0, 0x3, 0x20, 0x7, 0xff,
    0x71, 0x40, 0x36, 0x0, 0x7f, 0xf7, 0x4, 0x3,
    0x18, 0x7, 0xff, 0x6c, 0x80, 0x39, 0x80, 0x3f,
    0xfb, 0x62, 0x1, 0xc4, 0x1, 0xff, 0xff, 0x0,
    0xff, 0xff, 0x80, 0x7f, 0xf3, 0xc4, 0x3, 0x88,
    0x3, 0xff, 0xb6, 0x40, 0x1c, 0xc0, 0x1f, 0xfd,
    0xc1, 0x0, 0xc6, 0x1, 0xff, 0xdc, 0x50, 0xd,
    0x80, 0x1f, 0xfd, 0xcc, 0x0, 0xc8, 0x1, 0xff,
    0xdc, 0x50, 0xe, 0x60, 0xf, 0xfe, 0xd9, 0x10,
    0x3, 0x58, 0x7, 0xff, 0x72, 0x80, 0x31, 0x28,
    0x7, 0xff, 0x6d, 0x80, 0x3a, 0x0, 0x3f, 0xfb,
    0x62, 0xe0, 0x18, 0xa0, 0x3, 0xff, 0xb7, 0x22,
    0x1, 0x9d, 0x0, 0x3f, 0xfb, 0x43, 0x0, 0x1d,
    0x66, 0x1, 0xff, 0xda, 0x64, 0x0, 0xed, 0x30,
    0xf, 0xfe, 0x80, 0xa0, 0x7, 0xea, 0x10, 0xc,
    0x38, 0xa0, 0x1f, 0xfc, 0xe2, 0xcb, 0x50, 0xf,
    0x87, 0x0, 0x3d, 0x52, 0x1, 0xff, 0xcc, 0x5d,
    0x20, 0xa6, 0x0, 0xf8, 0xb0, 0x3, 0xcd, 0xca,
    0x1, 0xff, 0xc8, 0x1a, 0xa0, 0x6, 0x95, 0x0,
    0xf8, 0xf0, 0x40, 0x38, 0x6b, 0x58, 0x3, 0xff,
    0x88, 0x73, 0xca, 0x1, 0xc6, 0xa0, 0x1f, 0x8f,
    0xcc, 0x3, 0xc5, 0x3f, 0x6c, 0x60, 0x1f, 0x85,
    0x23, 0x71, 0x80, 0x3c, 0xb8, 0x1, 0xfe, 0x1c,
    0x70, 0xf, 0xc9, 0x39, 0xfd, 0x98, 0xbc, 0xdf,
    0xeb, 0x72, 0x0, 0xfa, 0x28, 0x3, 0xff, 0x83,
    0x1a, 0x80, 0x1f, 0xe1, 0x33, 0x21, 0x90, 0x7,
    0xf9, 0x35, 0xc0, 0x3f, 0xf8, 0x65, 0x78, 0xa0,
    0x1f, 0xfc, 0xa4, 0xbb, 0x10, 0x7, 0xff, 0x18,
    0xeb, 0xa0, 0xc0, 0x3f, 0xf8, 0x85, 0x1b, 0x68,
    0x1, 0xff, 0xca, 0x17, 0xce, 0xb7, 0x53, 0x10,
    0xc, 0x24, 0x8f, 0x5d, 0xae, 0x40, 0x1f, 0x80,

    /* U+0044 "D" */
    0xcf, 0xff, 0xfe, 0x57, 0x65, 0xc2, 0x90, 0x7,
    0xff, 0x78, 0x4d, 0x1e, 0xb7, 0xa5, 0x0, 0x3f,
    0xfc, 0x22, 0xd7, 0xce, 0x20, 0x1f, 0xfe, 0x11,
    0x8e, 0x70, 0xf, 0xfe, 0x29, 0xb3, 0x7f, 0xf1,
    0x15, 0x8, 0x3, 0xfd, 0x1a, 0x80, 0x1f, 0xfc,
    0x34, 0x99, 0xff, 0xe2, 0x55, 0xef, 0xe4, 0x20,
    0x7, 0xc5, 0x70, 0x1, 0xff, 0xd7, 0x37, 0xbe,
    0x81, 0x0, 0xf3, 0xd8, 0x7, 0xff, 0x64, 0x5f,
    0xa4, 0x40, 0x39, 0x30, 0x3, 0xff, 0xb6, 0xde,
    0x80, 0x1c, 0x76, 0x1, 0xff, 0xdb, 0x1b, 0x80,
    0xe, 0x49, 0x0, 0xff, 0xee, 0x3d, 0x0, 0x73,
    0x28, 0x7, 0xff, 0x71, 0x64, 0x3, 0xac, 0x40,
    0x3f, 0xfb, 0x8c, 0xe0, 0x18, 0x6c, 0x3, 0xff,
    0xbb, 0x6, 0x1, 0x94, 0x80, 0x3f, 0xfb, 0xbe,
    0x1, 0xd0, 0x1, 0xff, 0xdd, 0x35, 0x0, 0xca,
    0x20, 0x1f, 0xfd, 0xd9, 0x0, 0xe7, 0x0, 0xff,
    0xee, 0x99, 0x80, 0x36, 0x80, 0x7f, 0xf7, 0xac,
    0x3, 0x20, 0x7, 0xff, 0x79, 0x40, 0x38, 0xc0,
    0x3f, 0xfb, 0xa4, 0x1, 0xca, 0x1, 0xff, 0xde,
    0x30, 0xd, 0xc0, 0x1f, 0xfd, 0xe6, 0x0, 0xc2,
    0x1, 0xff, 0xde, 0x30, 0xc, 0x40, 0x1f, 0xfd,
    0xe1, 0x0, 0xff, 0xff, 0x80, 0x7f, 0xf2, 0x4,
    0x3, 0xff, 0xc6, 0x60, 0x18, 0x80, 0x3f, 0xfb,
    0xcc, 0x1, 0x84, 0x3, 0xff, 0xbc, 0x60, 0x1b,
    0x80, 0x3f, 0xfb, 0xa6, 0x1, 0xca, 0x1, 0xff,
    0xdd, 0x40, 0xe, 0x30, 0xf, 0xfe, 0xed, 0x0,
    0x64, 0x0, 0xff, 0xee, 0x99, 0x0, 0x6d, 0x0,
    0xff, 0xee, 0xc8, 0x7, 0x38, 0x7, 0xff, 0x70,
    0xd4, 0x3, 0x28, 0x80, 0x7f, 0xf7, 0x38, 0x3,
    0xa0, 0x3, 0xff, 0xb9, 0x24, 0x1, 0x98, 0x80,
    0x3f, 0xfb, 0x6c, 0xc0, 0xc, 0x30, 0x1, 0xff,
    0xdb, 0x59, 0x0, 0xeb, 0x10, 0xf, 0xfe, 0xd3,
    0xd0, 0x7, 0x32, 0x80, 0x7f, 0xf6, 0x46, 0xe0,
    0x3, 0x92, 0x40, 0x3f, 0xfb, 0x2f, 0xe8, 0x1,
    0xc7, 0x60, 0x1f, 0xfd, 0x71, 0x7e, 0x81, 0x0,
    0xe4, 0xc0, 0xf, 0xfe, 0xa9, 0xbd, 0xf4, 0x8,
    0x7, 0x9e, 0xc0, 0x3f, 0xf8, 0x29, 0x33, 0xff,
    0xc4, 0xab, 0xdf, 0xc8, 0x40, 0xf, 0x8a, 0xe0,
    0x3, 0xff, 0x84, 0x6c, 0xdf, 0xfc, 0x45, 0x42,
    0x0, 0xff, 0x46, 0xa0, 0x7, 0xff, 0x78, 0x63,
    0x9c, 0x3, 0xff, 0xba, 0x2d, 0x7c, 0xe2, 0x1,
    0xff, 0xd8, 0x13, 0x47, 0xad, 0xe9, 0x40, 0xf,
    0xfe, 0x20,

    /* U+0045 "E" */
    0xcf, 0xff, 0xfe, 0xae, 0x0, 0x7f, 0xff, 0xc0,
    0x3f, 0xfb, 0x66, 0xcd, 0xff, 0xd0, 0xb0, 0xf,
    0x24, 0xcf, 0xff, 0x41, 0xc0, 0x3f, 0xff, 0xe0,
    0x1f, 0xff, 0xf0, 0xf, 0xff, 0xf8, 0x7, 0xff,
    0xfc, 0x3, 0xff, 0xfe, 0x1, 0xff, 0xff, 0x0,
    0xff, 0xff, 0x80, 0x7f, 0xfb, 0x52, 0x23, 0xff,
    0x9a, 0x80, 0x1f, 0xc6, 0xef, 0xff, 0xcd, 0xd0,
    0xf, 0xff, 0xf8, 0x7, 0xff, 0x79, 0xff, 0xff,
    0xf9, 0xb2, 0x1, 0xff, 0xff, 0x0, 0xff, 0xff,
    0x80, 0x7f, 0xff, 0xc0, 0x3f, 0xff, 0xe0, 0x1f,
    0xff, 0xf0, 0xf, 0xff, 0xf8, 0x7, 0xff, 0xfc,
    0x3, 0xff, 0xfe, 0x1, 0xff, 0xc9, 0x49, 0x9f,
    0xfe, 0x8c, 0x0, 0x71, 0xb3, 0x7f, 0xf4, 0x54,
    0x3, 0xff, 0xfe, 0x1, 0xff, 0xd5,

    /* U+0046 "F" */
    0xcf, 0xff, 0xfe, 0xae, 0x0, 0x7f, 0xff, 0xc0,
    0x3f, 0xfa, 0xe6, 0xcd, 0xff, 0xd0, 0xb0, 0xe,
    0x49, 0x9f, 0xfe, 0x83, 0x80, 0x7f, 0xff, 0xc0,
    0x3f, 0xff, 0xe0, 0x1f, 0xff, 0xf0, 0xf, 0xff,
    0xf8, 0x7, 0xff, 0xfc, 0x3, 0xff, 0xfe, 0x1,
    0xff, 0xff, 0x0, 0xff, 0xff, 0x80, 0x7f, 0xf5,
    0xdf, 0xff, 0xff, 0x9b, 0x20, 0x1f, 0xff, 0xf0,
    0xf, 0xfe, 0xd1, 0x33, 0x7f, 0xf3, 0x70, 0x3,
    0xf2, 0xcc, 0xff, 0xf3, 0x54, 0x3, 0xff, 0xfe,
    0x1, 0xff, 0xff, 0x0, 0xff, 0xff, 0x80, 0x7f,
    0xff, 0xc0, 0x3f, 0xff, 0xe0, 0x1f, 0xff, 0xf0,
    0xf, 0xff, 0xf8, 0x7, 0xff, 0xfc, 0x3, 0xff,
    0xfe, 0x1, 0xff, 0xd0,

    /* U+0047 "G" */
    0x0, 0xff, 0xe4, 0x23, 0xd6, 0x77, 0xfe, 0xed,
    0xc9, 0x73, 0x0, 0xff, 0xe8, 0xb, 0x5f, 0xdc,
    0x29, 0x88, 0x6, 0x12, 0x36, 0x8c, 0xfb, 0x50,
    0xf, 0xfe, 0x59, 0x4f, 0x4a, 0x0, 0x7f, 0xf1,
    0x52, 0xbe, 0x4, 0x3, 0xff, 0x8c, 0x35, 0xac,
    0x1, 0xff, 0xcb, 0x7e, 0x80, 0xf, 0xfe, 0x23,
    0x72, 0x80, 0x7f, 0x84, 0x8d, 0xc, 0xc2, 0x1,
    0xfe, 0x7d, 0x30, 0xf, 0xfe, 0x0, 0xdc, 0x80,
    0x7e, 0x48, 0xcf, 0xed, 0xcb, 0xcc, 0x77, 0xe4,
    0xa8, 0x7, 0xc5, 0x8a, 0x1, 0xfe, 0x2c, 0x40,
    0xf, 0x14, 0x75, 0xb9, 0x80, 0x7f, 0x1b, 0x57,
    0xd1, 0x80, 0x7a, 0x98, 0x3, 0xf1, 0xe1, 0x0,
    0x70, 0xce, 0xb8, 0x80, 0x7f, 0xf1, 0x17, 0x2c,
    0x80, 0x3b, 0x40, 0x3e, 0x2d, 0x10, 0xe, 0x6e,
    0x60, 0xf, 0xfe, 0x4a, 0x6b, 0x80, 0x49, 0x60,
    0x1e, 0x1f, 0x10, 0xe, 0xa9, 0x0, 0xff, 0xe6,
    0xc5, 0x2, 0x58, 0x7, 0xd4, 0x40, 0x1d, 0x8a,
    0x1, 0xff, 0xcf, 0x5c, 0xb0, 0xf, 0x99, 0x0,
    0x3b, 0xc, 0x3, 0xff, 0xa2, 0x60, 0x1f, 0xc,
    0x0, 0x75, 0x18, 0x7, 0xff, 0x6a, 0x44, 0x3,
    0x32, 0x80, 0x7f, 0xf6, 0x85, 0xc0, 0x31, 0x48,
    0x7, 0xff, 0x6d, 0x80, 0x3a, 0x0, 0x3f, 0xfb,
    0x94, 0x1, 0x89, 0x40, 0x3f, 0xfb, 0x64, 0x40,
    0xd, 0x60, 0x1f, 0xfd, 0xc5, 0x0, 0xe6, 0x0,
    0xff, 0xee, 0x60, 0x6, 0x40, 0xf, 0xfe, 0xea,
    0x80, 0x6c, 0x0, 0xff, 0xee, 0x88, 0x6, 0x30,
    0xf, 0xfe, 0xe1, 0x0, 0x73, 0x0, 0x7f, 0xf7,
    0x4, 0x3, 0x88, 0x3, 0xff, 0xfe, 0x1, 0xff,
    0xe8, 0x4f, 0xfd, 0xa0, 0x1f, 0xfe, 0x41, 0x0,
    0xe2, 0x0, 0xff, 0xee, 0x10, 0x7, 0x30, 0x7,
    0xff, 0x74, 0x40, 0x31, 0x80, 0x7f, 0xf7, 0x54,
    0x3, 0x60, 0x7, 0xff, 0x77, 0x0, 0x32, 0x0,
    0x7f, 0xf7, 0x54, 0x3, 0x98, 0x3, 0xff, 0xb8,
    0x44, 0x0, 0xd6, 0x1, 0xff, 0xdd, 0xa0, 0xc,
    0x4a, 0x1, 0xff, 0xdc, 0x60, 0xe, 0x80, 0xf,
    0xfe, 0xe0, 0xb8, 0x6, 0x29, 0x0, 0xff, 0xee,
    0x48, 0x80, 0x66, 0x50, 0xf, 0xfe, 0xd8, 0xc0,
    0x7, 0x51, 0x80, 0x7f, 0xf6, 0xd9, 0x0, 0x3b,
    0xc, 0x3, 0xff, 0xb7, 0x44, 0x1, 0xd8, 0xa0,
    0x1f, 0xfd, 0xa1, 0xf1, 0x0, 0xea, 0x90, 0xf,
    0xfe, 0x6e, 0x0, 0x7f, 0xf0, 0xb, 0x44, 0x3,
    0x9b, 0x98, 0x3, 0xff, 0x92, 0x78, 0xe0, 0x1f,
    0xfc, 0x13, 0xc1, 0x0, 0xe1, 0x9d, 0x71, 0x0,
    0xff, 0xe2, 0x25, 0xe1, 0x80, 0x73, 0x0, 0x7f,
    0x17, 0x98, 0x7, 0x8a, 0x3a, 0xdc, 0xc0, 0x3f,
    0x8d, 0xab, 0xad, 0x0, 0x3c, 0x94, 0x1, 0xfe,
    0x1c, 0x80, 0xf, 0xc9, 0x19, 0xfd, 0xb9, 0x79,
    0x8e, 0xfc, 0x95, 0x10, 0xf, 0xa6, 0xc4, 0x3,
    0xff, 0x80, 0xfa, 0xa0, 0x1f, 0xe1, 0x23, 0x43,
    0x30, 0x80, 0x7f, 0x97, 0x98, 0x3, 0xff, 0x86,
    0x55, 0x8a, 0x1, 0xff, 0xcb, 0x6d, 0xa1, 0x0,
    0xff, 0xe3, 0x1d, 0x74, 0xa0, 0x7, 0xff, 0x15,
    0x6b, 0xe4, 0x80, 0x3f, 0xf9, 0x42, 0xd7, 0xf7,
    0xa, 0x62, 0x1, 0x84, 0x91, 0xa7, 0x3e, 0x94,
    0x3, 0xf8,

    /* U+0048 "H" */
    0xcf, 0xfd, 0x0, 0x1f, 0xfd, 0x3e, 0xff, 0xca,
    0x1, 0xff, 0xff, 0x0, 0xff, 0xff, 0x80, 0x7f,
    0xff, 0xc0, 0x3f, 0xff, 0xe0, 0x1f, 0xff, 0xf0,
    0xf, 0xff, 0xf8, 0x7, 0xff, 0xfc, 0x3, 0xff,
    0xfe, 0x1, 0xff, 0xff, 0x0, 0xff, 0xff, 0x80,
    0x7f, 0xff, 0xc0, 0x3f, 0xff, 0xe0, 0x1f, 0x96,
    0xab, 0xff, 0xa6, 0x20, 0x1f, 0xe2, 0x55, 0xff,
    0xe9, 0x80, 0x7f, 0xff, 0xc0, 0x3f, 0xfe, 0xaf,
    0xff, 0xff, 0xd3, 0x10, 0xf, 0xff, 0xf8, 0x7,
    0xff, 0xfc, 0x3, 0xff, 0xfe, 0x1, 0xff, 0xff,
    0x0, 0xff, 0xff, 0x80, 0x7f, 0xff, 0xc0, 0x3f,
    0xff, 0xe0, 0x1f, 0xff, 0xf0, 0xf, 0xff, 0xf8,
    0x7, 0xff, 0xfc, 0x3, 0xff, 0xfe, 0x1, 0xff,
    0xff, 0x0, 0xff, 0xf3, 0x80,

    /* U+0049 "I" */
    0xcf, 0xfd, 0x0, 0x1f, 0xff, 0xf0, 0xf, 0xff,
    0xf8, 0x7, 0xff, 0xfc, 0x3, 0xff, 0xf2,

    /* U+004A "J" */
    0x0, 0xe6, 0xff, 0xff, 0xe5, 0xa0, 0x7, 0xff,
    0xfc, 0x3, 0xff, 0x90, 0xac, 0xdf, 0xfc, 0x60,
    0xf, 0xf8, 0xe6, 0x7f, 0xf8, 0xc0, 0x1f, 0xff,
    0xf0, 0xf, 0xff, 0xf8, 0x7, 0xff, 0xfc, 0x3,
    0xff, 0xfe, 0x1, 0xff, 0xff, 0x0, 0xff, 0xff,
    0x80, 0x7f, 0xff, 0xc0, 0x3f, 0xff, 0xe0, 0x1f,
    0xff, 0xf0, 0xf, 0xff, 0xf8, 0x7, 0xff, 0xfc,
    0x3, 0xff, 0xfe, 0x1, 0xff, 0xd7, 0x70, 0xf,
    0xfe, 0x59, 0x0, 0x71, 0x0, 0x7f, 0xf2, 0xdc,
    0x3, 0x84, 0x2, 0x41, 0x0, 0xff, 0xe3, 0x60,
    0x6, 0x30, 0x8, 0xee, 0x80, 0x3f, 0xf8, 0xcc,
    0x1, 0x90, 0x0, 0x5a, 0x9, 0x20, 0x1f, 0xfc,
    0x47, 0x0, 0xec, 0x1, 0xc1, 0x0, 0x35, 0x0,
    0x7f, 0xf0, 0x8e, 0x0, 0x30, 0xa0, 0x9, 0x0,
    0x65, 0xd3, 0x0, 0xff, 0x8f, 0x40, 0x3a, 0x0,
    0x2e, 0x10, 0xc, 0x59, 0x68, 0x1, 0xf1, 0x4e,
    0x8, 0x6, 0x36, 0x0, 0x8b, 0x4, 0x3, 0x92,
    0xff, 0x2a, 0x6a, 0xfb, 0x58, 0x3, 0xdc, 0x1,
    0xc5, 0x86, 0x1, 0xf1, 0xab, 0x2a, 0x8, 0x7,
    0x87, 0x8, 0x3, 0xc5, 0x90, 0x1, 0xff, 0xc5,
    0x3c, 0x30, 0xf, 0xe7, 0xe7, 0x10, 0xf, 0xfe,
    0x1, 0xd6, 0x10, 0x7, 0xfc, 0x31, 0xd6, 0xe8,
    0x20, 0x10, 0x92, 0xc6, 0xe2, 0x80, 0x7c,

    /* U+004B "K" */
    0xcf, 0xfd, 0x0, 0x1f, 0xfd, 0x6, 0xff, 0xeb,
    0x0, 0xff, 0xeb, 0xac, 0x80, 0x63, 0xb0, 0xf,
    0xfe, 0xb2, 0xd0, 0x6, 0x3c, 0x0, 0xff, 0xeb,
    0x2d, 0x0, 0x62, 0xd0, 0xf, 0xfe, 0xb2, 0x50,
    0x6, 0x2c, 0x10, 0xf, 0xfe, 0xaa, 0x58, 0x6,
    0x2c, 0x10, 0xf, 0xfe, 0xaa, 0x58, 0x6, 0x1c,
    0x10, 0xf, 0xfe, 0xaa, 0x58, 0x6, 0x1c, 0x10,
    0xf, 0xfe, 0xaa, 0x58, 0x6, 0x1c, 0x20, 0xf,
    0xfe, 0xa9, 0xd8, 0x6, 0x1c, 0x20, 0xf, 0xfe,
    0xa9, 0xe0, 0x7, 0x69, 0x0, 0x7f, 0xf5, 0x4f,
    0x0, 0x3b, 0xc, 0x3, 0xff, 0xaa, 0x7a, 0x1,
    0xd6, 0x60, 0x1f, 0xfd, 0x52, 0xd1, 0x0, 0xd6,
    0x80, 0x1f, 0xfd, 0x52, 0xc1, 0x0, 0xd4, 0x80,
    0x1f, 0xfd, 0x52, 0xc1, 0x0, 0xd4, 0xa0, 0x1f,
    0xfd, 0x52, 0xc1, 0x0, 0xd2, 0xa0, 0x1f, 0xfd,
    0x52, 0xc1, 0x0, 0xd2, 0xc0, 0x1f, 0xfd, 0x52,
    0xc1, 0x0, 0xd0, 0xc0, 0x1f, 0xfd, 0x51, 0xc1,
    0x0, 0xce, 0xe0, 0xf, 0xfe, 0xa8, 0xe0, 0x80,
    0x67, 0x80, 0xf, 0xfe, 0xa8, 0xe1, 0x0, 0x66,
    0x80, 0xf, 0xfe, 0xa8, 0xe1, 0x0, 0x64, 0x90,
    0xf, 0xfe, 0xa8, 0xe1, 0x0, 0x72, 0x18, 0x7,
    0xff, 0x50, 0x70, 0x80, 0x3e, 0xd1, 0x0, 0xff,
    0xe9, 0xe, 0x90, 0x7, 0xe1, 0xc0, 0xf, 0xfe,
    0x96, 0x98, 0x6, 0x30, 0xe, 0x2b, 0x0, 0xff,
    0xe8, 0x61, 0x80, 0x63, 0xcb, 0x0, 0xe4, 0x90,
    0xf, 0xfe, 0x76, 0x18, 0x6, 0x3c, 0x4, 0x90,
    0xe, 0x66, 0x0, 0x7f, 0xf2, 0xc7, 0xc, 0x3,
    0x1e, 0x0, 0x4c, 0xe0, 0x1d, 0x28, 0x1, 0xff,
    0xca, 0x63, 0x0, 0xc7, 0x80, 0x1d, 0xa, 0x1,
    0xd6, 0x60, 0x1f, 0xfc, 0xe3, 0xc0, 0xf, 0xa9,
    0x0, 0x3b, 0x44, 0x3, 0xff, 0x98, 0x7a, 0x1,
    0xfd, 0x64, 0x1, 0x87, 0x40, 0x3f, 0xf9, 0x67,
    0xa2, 0x1, 0xfe, 0xc1, 0x0, 0xc7, 0x60, 0x1f,
    0xfc, 0x93, 0xd1, 0x0, 0xff, 0x87, 0x0, 0x39,
    0x20, 0x3, 0xff, 0x8e, 0x7a, 0x20, 0x1f, 0xfc,
    0x12, 0xb0, 0xe, 0x76, 0x0, 0xff, 0xe2, 0x96,
    0x88, 0x7, 0xff, 0xd, 0x24, 0x3, 0xa5, 0x0,
    0x3f, 0xf8, 0x8a, 0x20, 0x1f, 0xfc, 0x56, 0x70,
    0xe, 0xb2, 0x0, 0xff, 0xeb, 0xc2, 0x80, 0x76,
    0x8, 0x7, 0xff, 0x5e, 0x90, 0x3, 0xe, 0x80,
    0x7f, 0xf6, 0x28, 0x80, 0x31, 0xd0, 0x7, 0xff,
    0x5c, 0x70, 0x40, 0x32, 0xc0, 0x7, 0xff, 0x5c,
    0x74, 0x3, 0x9d, 0x80, 0x3f, 0xfa, 0xe7, 0x60,
    0x1d, 0x26, 0x1, 0xff, 0xd7, 0x49, 0x0, 0xed,
    0x20, 0xf, 0xfe, 0xbb, 0x38, 0x6, 0x1f, 0x10,
    0xf, 0xfe, 0xbc, 0x28, 0x6, 0x2d, 0x0, 0xff,
    0xec, 0x52, 0x0, 0x63, 0xa0, 0xf, 0xfe, 0xc5,
    0x10, 0x6, 0x57, 0x0, 0xff, 0xeb, 0x8e, 0x8,
    0x6, 0x85,

    /* U+004C "L" */
    0xcf, 0xfd, 0x0, 0x1f, 0xff, 0xf0, 0xf, 0xff,
    0xf8, 0x7, 0xff, 0xfc, 0x3, 0xff, 0xfe, 0x1,
    0xff, 0xff, 0x0, 0xff, 0xff, 0x80, 0x7f, 0xff,
    0xc0, 0x3f, 0xff, 0xe0, 0x1f, 0xff, 0xf0, 0xf,
    0xff, 0xf8, 0x7, 0xff, 0xfc, 0x3, 0xff, 0xfe,
    0x1, 0xff, 0xff, 0x0, 0xff, 0xff, 0x80, 0x7f,
    0xff, 0xc0, 0x3f, 0xff, 0xe0, 0x1f, 0xff, 0xf0,
    0xf, 0xff, 0xf8, 0x7, 0xff, 0xfc, 0x3, 0xff,
    0xfe, 0x1, 0xff, 0xd1, 0x49, 0x9f, 0xfe, 0x7b,
    0x80, 0x71, 0xb3, 0x7f, 0xf3, 0xec, 0x3, 0xff,
    0xfe, 0x1, 0xff, 0xcf,

    /* U+004D "M" */
    0xcf, 0xfb, 0x40, 0x3f, 0xfb, 0xc5, 0xff, 0xa0,
    0x3, 0x13, 0x80, 0x7f, 0xf7, 0x64, 0x3, 0xfd,
    0x2, 0x1, 0xff, 0xdb, 0x44, 0x0, 0x7f, 0xd6,
    0x1, 0xff, 0xdb, 0x90, 0xf, 0xfe, 0x2, 0xa0,
    0x7, 0xff, 0x65, 0xc8, 0x3, 0xff, 0x83, 0x20,
    0x1f, 0xfd, 0x81, 0x80, 0xf, 0xfe, 0x11, 0x38,
    0x7, 0xff, 0x5e, 0xc0, 0x3f, 0xf8, 0x90, 0x20,
    0x1f, 0xfd, 0x53, 0x50, 0xf, 0xfe, 0x2c, 0x0,
    0x7f, 0xf5, 0x78, 0x3, 0xff, 0x8c, 0xc6, 0x1,
    0xff, 0xd3, 0x62, 0x0, 0xff, 0xe1, 0x20, 0x6,
    0xf0, 0xf, 0xfe, 0x90, 0xc0, 0x6, 0x50, 0xf,
    0xf7, 0x10, 0x4, 0x6c, 0x1, 0xff, 0xd1, 0x81,
    0x0, 0xa0, 0xc0, 0x3f, 0xe9, 0x0, 0xd0, 0x20,
    0x1f, 0xfc, 0xf2, 0x60, 0x8, 0x9c, 0x3, 0xff,
    0x80, 0x8a, 0x1, 0xc, 0x0, 0x7f, 0xf3, 0xf8,
    0x3, 0x48, 0x7, 0xff, 0xa, 0xc0, 0x33, 0x10,
    0x7, 0xff, 0x35, 0x4c, 0x2, 0x44, 0x0, 0x7f,
    0xf0, 0x86, 0x0, 0x37, 0x0, 0x7f, 0xf3, 0x6c,
    0x3, 0x48, 0x7, 0xff, 0x11, 0xc8, 0x2, 0x35,
    0x0, 0xff, 0xe5, 0xc0, 0x80, 0x4e, 0x40, 0x1f,
    0xfc, 0x59, 0x0, 0xd6, 0x1, 0xff, 0xca, 0x27,
    0x0, 0x86, 0x0, 0x3f, 0xf8, 0xc8, 0x80, 0x8,
    0x60, 0x3, 0xff, 0x93, 0x0, 0x1a, 0xc0, 0x3f,
    0xf9, 0x12, 0x1, 0x9c, 0x80, 0x3f, 0xf8, 0xe8,
    0xa0, 0x11, 0xa8, 0x7, 0xff, 0x20, 0x9c, 0x3,
    0x48, 0x7, 0xff, 0x1e, 0x40, 0x37, 0x80, 0x7f,
    0xf2, 0xa0, 0x40, 0x24, 0x50, 0xf, 0xfe, 0x2b,
    0x10, 0x4, 0xc6, 0x1, 0xff, 0xcb, 0xb0, 0xd,
    0x0, 0x1f, 0xfc, 0x41, 0x90, 0xd, 0x0, 0x1f,
    0xfc, 0xc5, 0x30, 0x8, 0x9c, 0x3, 0xff, 0x87,
    0x0, 0x1a, 0x44, 0x3, 0xff, 0x9b, 0xc0, 0x1a,
    0x8, 0x3, 0xff, 0x82, 0x6c, 0x1, 0x13, 0x0,
    0x7f, 0xf3, 0x89, 0x80, 0x34, 0x0, 0x7f, 0xf0,
    0x7c, 0x3, 0x48, 0x7, 0xff, 0x42, 0x4, 0x2,
    0x54, 0x0, 0xff, 0x94, 0xc0, 0x25, 0x40, 0xf,
    0xfe, 0x80, 0xc0, 0x6, 0x90, 0xf, 0xfa, 0xc0,
    0x34, 0x0, 0x7f, 0xf4, 0x98, 0xc0, 0x22, 0x70,
    0xf, 0xe8, 0x10, 0x9, 0xc8, 0x3, 0xff, 0xa7,
    0xe0, 0x1a, 0x4, 0x3, 0xe2, 0x70, 0x8, 0x60,
    0x3, 0xff, 0xa8, 0x6a, 0x1, 0xac, 0x3, 0xe9,
    0x0, 0xd6, 0x1, 0xff, 0xd6, 0xb0, 0xc, 0xa6,
    0x1, 0xc8, 0x80, 0x9, 0x14, 0x3, 0xff, 0xac,
    0x30, 0x1, 0xbc, 0x3, 0xa4, 0x3, 0x48, 0x7,
    0xff, 0x61, 0xc8, 0x2, 0x36, 0x0, 0x9c, 0x80,
    0x26, 0x20, 0xf, 0xfe, 0xcc, 0x80, 0x68, 0x10,
    0x18, 0x0, 0x86, 0x0, 0x3f, 0xfb, 0x48, 0xa0,
    0x10, 0xc0, 0x58, 0x6, 0x81, 0x0, 0xff, 0xed,
    0xd8, 0x6, 0x66, 0x28, 0x4, 0x6c, 0x1, 0xff,
    0xdc, 0x18, 0x0, 0xd2, 0x1, 0xbc, 0x3, 0xff,
    0xbc, 0xe4, 0x1, 0xf2, 0x98, 0x7, 0xff, 0x7e,
    0x0, 0x3e, 0xb0, 0xf, 0xff, 0x2, 0xa0, 0x7,
    0x40, 0x80, 0x7f, 0xf8, 0x64, 0x3, 0x13, 0x80,
    0x7f, 0xf8, 0x89, 0xc0, 0x29, 0x0, 0xff, 0xf2,
    0x43, 0x2b, 0xa0, 0x7, 0xff, 0x96, 0x6a, 0x0,
    0x3f, 0xff, 0xe0, 0x1f, 0xff, 0xf0, 0xf, 0xff,
    0xf8, 0x7, 0xff, 0xd4,

    /* U+004E "N" */
    0xcf, 0xfb, 0x84, 0x3, 0xff, 0xa7, 0xdf, 0xf9,
    0x40, 0x30, 0xe8, 0x7, 0xff, 0x78, 0xe4, 0x3,
    0xff, 0xbc, 0xcc, 0x0, 0xff, 0xef, 0x49, 0x80,
    0x7f, 0xf7, 0xb4, 0x40, 0x3f, 0xfb, 0xa3, 0xa0,
    0x1f, 0xfd, 0xe3, 0x90, 0xf, 0xfe, 0xf3, 0x30,
    0x3, 0xff, 0xb0, 0x60, 0x1d, 0x26, 0x1, 0xff,
    0xd7, 0x47, 0x0, 0xed, 0x10, 0xf, 0xfe, 0xbc,
    0x20, 0x6, 0x1d, 0x0, 0xff, 0xec, 0x51, 0x0,
    0x63, 0x90, 0xf, 0xfe, 0xb8, 0xf8, 0x7, 0x32,
    0x80, 0x7f, 0xf5, 0xca, 0x80, 0x3a, 0x8c, 0x3,
    0xff, 0xae, 0xae, 0x1, 0xda, 0x20, 0x1f, 0xfd,
    0x78, 0x40, 0xc, 0x34, 0x1, 0xff, 0xd8, 0xa2,
    0x0, 0xc9, 0x20, 0x1f, 0xfd, 0x71, 0xf0, 0xe,
    0x65, 0x0, 0xff, 0xeb, 0x95, 0x0, 0x75, 0x18,
    0x7, 0xff, 0x5d, 0x5c, 0x3, 0xb4, 0x40, 0x3f,
    0xfa, 0xf0, 0x80, 0x18, 0x68, 0x3, 0xff, 0xb1,
    0x42, 0x1, 0x92, 0x0, 0x3f, 0xfa, 0xe3, 0xa0,
    0x1c, 0xea, 0x1, 0xff, 0xd7, 0x3a, 0x0, 0xea,
    0x20, 0xf, 0xfe, 0xba, 0xb0, 0x7, 0x78, 0x80,
    0x7f, 0xf5, 0xe4, 0xc0, 0x31, 0x50, 0x7, 0xff,
    0x63, 0x44, 0x3, 0x24, 0x0, 0x7f, 0xf5, 0xc7,
    0x40, 0x39, 0xd4, 0x3, 0xff, 0xae, 0x72, 0x1,
    0xd4, 0x40, 0x1f, 0xfd, 0x76, 0x60, 0x7, 0x78,
    0x80, 0x7f, 0xf5, 0xe4, 0xc0, 0x31, 0x50, 0x7,
    0xff, 0x63, 0x44, 0x3, 0x24, 0x0, 0x7f, 0xf5,
    0xc7, 0x40, 0x39, 0xd4, 0x3, 0xff, 0xae, 0x72,
    0x1, 0xd4, 0x40, 0x1f, 0xfd, 0x76, 0x60, 0x7,
    0x78, 0x80, 0x7f, 0xf5, 0xe4, 0xc0, 0x31, 0x50,
    0x7, 0xff, 0x63, 0x44, 0x3, 0x24, 0x0, 0x7f,
    0xf5, 0xc7, 0x40, 0x39, 0xd4, 0x3, 0xff, 0xae,
    0x72, 0x1, 0xd4, 0x40, 0x1f, 0xfd, 0x76, 0x50,
    0xe, 0xf1, 0x0, 0xff, 0xeb, 0xd1, 0x80, 0x62,
    0x0, 0xff, 0xec, 0xe8, 0x80, 0x7f, 0xf7, 0x46,
    0x80, 0x3f, 0xfb, 0xc9, 0x0, 0x1f, 0xfd, 0xe7,
    0x50, 0xf, 0xfe, 0xf5, 0x10, 0x7, 0xff, 0x7b,
    0xc4, 0x3, 0xff, 0xba, 0x54, 0x1, 0xff, 0xde,
    0x48, 0x0, 0xe0,

    /* U+004F "O" */
    0x0, 0xff, 0xe4, 0x23, 0xd6, 0x77, 0xfe, 0xed,
    0xb9, 0x62, 0x0, 0xff, 0xeb, 0x8b, 0xe7, 0xdc,
    0x29, 0x88, 0x6, 0x12, 0x46, 0x9d, 0xe9, 0x30,
    0xf, 0xfe, 0x91, 0xd7, 0x41, 0x80, 0x7f, 0xf1,
    0x5, 0xb3, 0x58, 0x3, 0xff, 0x9c, 0x55, 0x8a,
    0x1, 0xff, 0xca, 0x29, 0xd5, 0x0, 0xff, 0xe5,
    0xbe, 0xa8, 0x7, 0xf8, 0x4c, 0xc8, 0x64, 0x1,
    0xfe, 0x2a, 0xb2, 0x0, 0xff, 0xe3, 0x8d, 0xc0,
    0x7, 0xe5, 0x9d, 0xfe, 0xcc, 0x5e, 0x6f, 0xf5,
    0xb9, 0x0, 0x7c, 0x9a, 0xa0, 0x1f, 0xfc, 0x52,
    0xf4, 0x0, 0xf1, 0xd7, 0xd3, 0x10, 0x7, 0xe1,
    0x48, 0xdc, 0x60, 0xf, 0xa9, 0xc0, 0x3f, 0xf8,
    0x65, 0x82, 0x1, 0xc5, 0x78, 0xa0, 0x1f, 0xfc,
    0x43, 0x9e, 0x60, 0xf, 0x44, 0x0, 0x3f, 0xf8,
    0x25, 0x82, 0x1, 0xcf, 0xa8, 0x1, 0xff, 0xc8,
    0x19, 0xc2, 0x0, 0xe7, 0x80, 0xf, 0xfe, 0x7,
    0x88, 0x6, 0x1b, 0x80, 0xf, 0xfe, 0x61, 0xe2,
    0x0, 0x73, 0xa8, 0x7, 0xfa, 0x88, 0x3, 0xe,
    0x20, 0x7, 0xff, 0x38, 0x6d, 0x40, 0x3a, 0x88,
    0x3, 0xf2, 0xa8, 0x3, 0xb0, 0x80, 0x3f, 0xfa,
    0x34, 0x80, 0x1d, 0xc0, 0x1f, 0xac, 0x3, 0xac,
    0x80, 0x3f, 0xfa, 0x76, 0x40, 0x18, 0xd8, 0x3,
    0xd0, 0x20, 0x19, 0xd0, 0x3, 0xff, 0xab, 0xe0,
    0x1d, 0x0, 0x1c, 0x2e, 0x1, 0x8a, 0x0, 0x3f,
    0xfa, 0xc4, 0xe0, 0x18, 0x58, 0x3, 0x30, 0x7,
    0x40, 0x7, 0xff, 0x62, 0x4, 0x3, 0x58, 0x6,
    0xa0, 0xc, 0x4a, 0x1, 0xff, 0xd9, 0x90, 0xc,
    0x48, 0x0, 0x22, 0x0, 0x6b, 0x0, 0xff, 0xed,
    0x38, 0x7, 0x68, 0x1, 0x40, 0x39, 0x80, 0x3f,
    0xfb, 0x6a, 0x1, 0x90, 0x1, 0x80, 0x19, 0x0,
    0x3f, 0xfb, 0x9e, 0x1, 0x88, 0x41, 0x40, 0x36,
    0x0, 0x7f, 0xf7, 0x10, 0x3, 0x94, 0x4, 0x3,
    0x18, 0x7, 0xff, 0x70, 0x44, 0x1, 0x88, 0x80,
    0x1c, 0xc0, 0x1f, 0xfd, 0xd2, 0x0, 0xdc, 0x20,
    0x1c, 0x40, 0x1f, 0xfd, 0xd7, 0x0, 0xc2, 0x1,
    0xff, 0xe4, 0x10, 0xc, 0x60, 0x1f, 0xff, 0xf0,
    0xf, 0xfe, 0x78, 0x80, 0x63, 0x10, 0xe, 0x20,
    0xf, 0xfe, 0xeb, 0x80, 0x61, 0x20, 0xe, 0x60,
    0xf, 0xfe, 0xe9, 0x0, 0x6e, 0x1, 0x0, 0xc6,
    0x1, 0xff, 0xdc, 0x11, 0x0, 0x62, 0x4, 0x0,
    0xd8, 0x1, 0xff, 0xdc, 0x40, 0xe, 0x50, 0xd0,
    0xc, 0x80, 0x1f, 0xfd, 0xcf, 0x0, 0xc4, 0x20,
    0xa0, 0x1c, 0xc0, 0x1f, 0xfd, 0xb5, 0x0, 0xc8,
    0x0, 0x22, 0x0, 0x6b, 0x0, 0xff, 0xed, 0x38,
    0x7, 0x68, 0x5, 0x40, 0x18, 0x94, 0x3, 0xff,
    0xb3, 0x20, 0x18, 0x90, 0x2, 0x60, 0xe, 0x80,
    0xf, 0xfe, 0xc4, 0x8, 0x6, 0xb0, 0xc, 0x2e,
    0x1, 0x8a, 0x0, 0x3f, 0xfa, 0xc4, 0xe0, 0x18,
    0x58, 0x3, 0xa0, 0x40, 0x33, 0xa0, 0x7, 0xff,
    0x57, 0xc0, 0x3a, 0x0, 0x3e, 0xb0, 0xe, 0xb2,
    0x0, 0xff, 0xe9, 0xd9, 0x0, 0x63, 0x60, 0xf,
    0x95, 0x40, 0x1d, 0x84, 0x1, 0xff, 0xd1, 0xa4,
    0x0, 0xee, 0x0, 0xfe, 0xa2, 0x0, 0xc3, 0xa8,
    0x1, 0xff, 0xce, 0x1b, 0x50, 0xe, 0xa2, 0x0,
    0xff, 0x78, 0x80, 0x75, 0xc0, 0x7, 0xff, 0x31,
    0x3d, 0x0, 0x3a, 0x14, 0x3, 0xfe, 0x2c, 0x10,
    0xe, 0x7d, 0x40, 0xf, 0xfe, 0x40, 0xcd, 0x88,
    0x7, 0x3b, 0x80, 0x3f, 0xf8, 0x25, 0x84, 0x1,
    0xc5, 0x78, 0xa0, 0x1f, 0xfc, 0x43, 0x9e, 0x60,
    0xf, 0x44, 0x0, 0x3f, 0xf8, 0x65, 0x88, 0x1,
    0xe3, 0xaf, 0xa6, 0x20, 0xf, 0xc2, 0x91, 0xb8,
    0xc0, 0x1e, 0x1a, 0x70, 0xf, 0xfe, 0x28, 0xdc,
    0x0, 0x7e, 0x59, 0xdf, 0xec, 0xc5, 0xe6, 0xff,
    0x5b, 0x90, 0x7, 0xc9, 0x8a, 0x1, 0xff, 0xc8,
    0x7d, 0x50, 0xf, 0xf0, 0x99, 0x90, 0xc8, 0x3,
    0xfc, 0x55, 0x64, 0x1, 0xff, 0xca, 0x2a, 0xc5,
    0x0, 0xff, 0xe5, 0x14, 0xea, 0x80, 0x7f, 0xf3,
    0x8e, 0xba, 0x4c, 0x3, 0xff, 0x88, 0x2d, 0x9a,
    0xc0, 0x1f, 0xfd, 0x21, 0x6c, 0xfb, 0x85, 0x31,
    0x0, 0xc2, 0x48, 0xd3, 0xbd, 0x26, 0x1, 0xff,
    0xc4,

    /* U+0050 "P" */
    0xcf, 0xff, 0xfe, 0x47, 0x6d, 0xcb, 0x10, 0x7,
    0xff, 0x58, 0x49, 0x1a, 0x77, 0xa4, 0xc0, 0x3f,
    0xfb, 0x22, 0xd9, 0x84, 0x0, 0xff, 0xed, 0x1d,
    0xd8, 0x40, 0x3f, 0xe3, 0x66, 0xff, 0xe1, 0x2a,
    0x18, 0x7, 0xf2, 0x7a, 0x0, 0x7f, 0x92, 0x67,
    0xff, 0x85, 0x57, 0x9f, 0xb2, 0x80, 0x1e, 0x1b,
    0x40, 0xf, 0xfe, 0x81, 0x35, 0xf3, 0x0, 0x7a,
    0xcc, 0x3, 0xff, 0xa4, 0x33, 0x84, 0x1, 0xda,
    0x20, 0x1f, 0xfd, 0x33, 0xc3, 0x0, 0xc3, 0x0,
    0x1f, 0xfd, 0x41, 0xd1, 0x0, 0xcc, 0x20, 0x1f,
    0xfd, 0x41, 0xa0, 0xe, 0x90, 0xf, 0xfe, 0xaa,
    0x18, 0x6, 0x50, 0xf, 0xfe, 0xb5, 0x0, 0x62,
    0x20, 0x7, 0xff, 0x55, 0xc0, 0x39, 0xc0, 0x3f,
    0xfa, 0xa2, 0x40, 0x1b, 0x40, 0x3f, 0xfa, 0xcc,
    0x1, 0x84, 0x3, 0xff, 0xac, 0x20, 0x18, 0xc0,
    0x3f, 0xff, 0xc2, 0x1, 0x8c, 0x3, 0xff, 0xac,
    0xc0, 0x18, 0x40, 0x3f, 0xfa, 0xa2, 0x40, 0x1b,
    0x40, 0x3f, 0xfa, 0xa8, 0x1, 0xce, 0x1, 0xff,
    0xd5, 0x90, 0xc, 0x44, 0x0, 0xff, 0xea, 0x21,
    0x80, 0x65, 0x0, 0xff, 0xea, 0xd, 0x0, 0x74,
    0x80, 0x7f, 0xf4, 0xc7, 0x4, 0x3, 0x38, 0x80,
    0x7f, 0xf4, 0x8f, 0xc8, 0x3, 0x14, 0x0, 0x7f,
    0xf4, 0x4a, 0xb0, 0x40, 0x3b, 0xc0, 0x3f, 0xf9,
    0xe6, 0xf9, 0xaa, 0x1, 0xeb, 0x20, 0xf, 0xcb,
    0x55, 0xff, 0xc2, 0xbc, 0xdf, 0xc8, 0x30, 0xf,
    0xe, 0x20, 0x7, 0xf1, 0x2a, 0xff, 0xf0, 0x90,
    0xc8, 0x3, 0xf9, 0x7c, 0xc0, 0x3f, 0xfa, 0xe9,
    0x94, 0x20, 0x1f, 0xfd, 0x51, 0x6c, 0xb3, 0x0,
    0xff, 0xe8, 0x89, 0x23, 0x4e, 0xf4, 0x98, 0x7,
    0xff, 0xd, 0xff, 0xff, 0xf8, 0x7d, 0xb7, 0x2c,
    0x40, 0x1f, 0xff, 0xf0, 0xf, 0xff, 0xf8, 0x7,
    0xff, 0xfc, 0x3, 0xff, 0xfe, 0x1, 0xff, 0xff,
    0x0, 0xff, 0xff, 0x80, 0x7f, 0xff, 0xc0, 0x3f,
    0xff, 0xe0, 0x1f, 0xfc, 0x10,

    /* U+0051 "Q" */
    0x0, 0xff, 0xe4, 0x23, 0xd6, 0x77, 0xfe, 0xed,
    0xb9, 0x62, 0x0, 0xff, 0xec, 0x8b, 0xe7, 0xdc,
    0x29, 0x88, 0x6, 0x12, 0x46, 0x9d, 0xe9, 0x30,
    0xf, 0xfe, 0xa1, 0xd7, 0x41, 0x80, 0x7f, 0xf1,
    0x5, 0xb3, 0x58, 0x3, 0xff, 0xa0, 0x55, 0x8a,
    0x1, 0xff, 0xca, 0x29, 0xd5, 0x0, 0xff, 0xe6,
    0xbe, 0xa8, 0x7, 0xf8, 0x4c, 0xc8, 0x64, 0x1,
    0xfe, 0x2a, 0xb2, 0x0, 0xff, 0xe4, 0x8d, 0xc0,
    0x7, 0xe5, 0x9d, 0xfe, 0xcc, 0x5e, 0x6f, 0xf5,
    0xb9, 0x0, 0x7c, 0x9a, 0xa0, 0x1f, 0xfc, 0x72,
    0xf4, 0x0, 0xf1, 0xd7, 0xd3, 0x10, 0x7, 0xe1,
    0x48, 0xdc, 0x60, 0xf, 0xa9, 0xc0, 0x3f, 0xf8,
    0xa5, 0x82, 0x1, 0xc5, 0x78, 0xa0, 0x1f, 0xfc,
    0x43, 0x9e, 0x60, 0xf, 0x44, 0x0, 0x3f, 0xf8,
    0x65, 0x82, 0x1, 0xcf, 0xa8, 0x1, 0xff, 0xc8,
    0x19, 0xc2, 0x0, 0xe7, 0x80, 0xf, 0xfe, 0x17,
    0x88, 0x6, 0x1b, 0x80, 0xf, 0xfe, 0x61, 0xe2,
    0x0, 0x73, 0xa8, 0x7, 0xff, 0x2, 0x88, 0x3,
    0xe, 0x20, 0x7, 0xff, 0x38, 0x6d, 0x40, 0x3a,
    0x88, 0x3, 0xfc, 0xaa, 0x0, 0xec, 0x20, 0xf,
    0xfe, 0x8d, 0x20, 0x7, 0x70, 0x7, 0xfa, 0xc0,
    0x3a, 0xc8, 0x3, 0xff, 0xa7, 0x64, 0x1, 0x8d,
    0x80, 0x3f, 0x40, 0x80, 0x67, 0x40, 0xf, 0xfe,
    0xaf, 0x80, 0x74, 0x0, 0x7c, 0x2e, 0x1, 0x8a,
    0x0, 0x3f, 0xfa, 0xc4, 0xe0, 0x18, 0x58, 0x3,
    0xcc, 0x1, 0xd0, 0x1, 0xff, 0xd8, 0x81, 0x0,
    0xd6, 0x1, 0xea, 0x0, 0xc4, 0xa0, 0x1f, 0xfd,
    0x99, 0x0, 0xc4, 0x80, 0x18, 0x88, 0x1, 0xac,
    0x3, 0xff, 0xb4, 0xe0, 0x1d, 0xa0, 0x19, 0x40,
    0x39, 0x80, 0x3f, 0xfb, 0x6a, 0x1, 0x90, 0x3,
    0x60, 0x6, 0x40, 0xf, 0xfe, 0xe7, 0x80, 0x62,
    0x10, 0x9, 0x40, 0x36, 0x0, 0x7f, 0xf7, 0x10,
    0x3, 0x94, 0x2, 0x10, 0xc, 0x60, 0x1f, 0xfd,
    0xc1, 0x10, 0x6, 0x20, 0x1, 0x0, 0x73, 0x0,
    0x7f, 0xf7, 0x48, 0x3, 0x70, 0x0, 0x40, 0x38,
    0x80, 0x3f, 0xfb, 0xae, 0x1, 0x84, 0x3, 0xff,
    0xcc, 0x20, 0x18, 0xc0, 0x3f, 0xff, 0xe0, 0x1f,
    0xfd, 0x31, 0x0, 0xc6, 0x0, 0x10, 0xe, 0x20,
    0xf, 0xfe, 0xeb, 0x80, 0x61, 0x0, 0x10, 0x7,
    0x30, 0x7, 0xff, 0x74, 0xc0, 0x37, 0x0, 0x42,
    0x1, 0x8c, 0x3, 0xff, 0xb8, 0x40, 0x1c, 0x40,
    0x12, 0x0, 0x6c, 0x0, 0xff, 0xee, 0x20, 0x7,
    0x28, 0x5, 0xa0, 0x19, 0x4, 0x3, 0xff, 0xb7,
    0x80, 0x18, 0x84, 0x2, 0x50, 0xe, 0x70, 0xf,
    0xfe, 0xd0, 0xa8, 0x6, 0x40, 0xc, 0x44, 0x0,
    0xd6, 0x1, 0xff, 0xda, 0x60, 0xe, 0xd0, 0xe,
    0xa0, 0xc, 0x4a, 0x1, 0xff, 0xd9, 0x90, 0xc,
    0x48, 0x1, 0xcc, 0x1, 0xd6, 0x1, 0xff, 0xd8,
    0x81, 0x0, 0xd6, 0x1, 0xe1, 0x70, 0xc, 0x32,
    0x1, 0xff, 0xd6, 0x37, 0x0, 0xc2, 0xc0, 0x1f,
    0x40, 0x80, 0x66, 0x50, 0xf, 0xfe, 0xa0, 0xf0,
    0x7, 0x40, 0x7, 0xf5, 0x80, 0x75, 0x18, 0x7,
    0xff, 0x4e, 0x88, 0x3, 0x1b, 0x0, 0x7f, 0x2a,
    0x80, 0x3b, 0x4c, 0x3, 0xff, 0xa3, 0x68, 0x1,
    0xdc, 0x1, 0xff, 0x51, 0x0, 0x61, 0xc4, 0x0,
    0xff, 0xe7, 0xe, 0x20, 0x7, 0x51, 0x0, 0x7f,
    0xf0, 0x3c, 0x40, 0x3a, 0xe0, 0x3, 0xff, 0x98,
    0x9e, 0x60, 0x1d, 0xa, 0x1, 0xff, 0xc1, 0x2c,
    0x10, 0xe, 0x7d, 0x40, 0xf, 0xfe, 0x40, 0xd5,
    0x88, 0x7, 0x3b, 0x80, 0x3f, 0xf8, 0x65, 0x84,
    0x1, 0xc5, 0x78, 0xa0, 0x1f, 0xfc, 0x43, 0x9e,
    0x50, 0xf, 0x44, 0x0, 0x3f, 0xf8, 0xa5, 0x88,
    0x1, 0xe3, 0xaf, 0xa6, 0x20, 0xf, 0xc2, 0x91,
    0xb8, 0xc0, 0x1e, 0x1a, 0x70, 0xf, 0xfe, 0x38,
    0xdc, 0x0, 0x7e, 0x59, 0xdf, 0xec, 0xc5, 0xe6,
    0xff, 0x5b, 0x90, 0x7, 0xc9, 0x8a, 0x1, 0xff,
    0xca, 0x7d, 0x50, 0xf, 0xf0, 0x99, 0x90, 0xc8,
    0x3, 0xfc, 0x55, 0x64, 0x1, 0xff, 0xcc, 0x2a,
    0xc5, 0x0, 0xff, 0xe5, 0x14, 0xea, 0x80, 0x7f,
    0xf4, 0xe, 0xba, 0x4c, 0x3, 0xff, 0x88, 0x2d,
    0x9a, 0xc0, 0x1f, 0xfd, 0x41, 0x6c, 0xfb, 0x85,
    0x31, 0x0, 0xfd, 0x1b, 0xd2, 0x60, 0x1f, 0xfd,
    0xa4, 0x7a, 0xce, 0xfc, 0x10, 0xe, 0x90, 0xf,
    0xfe, 0x38, 0x80, 0x7f, 0xf4, 0xf, 0x4, 0x3,
    0xe, 0x20, 0x7, 0xff, 0x11, 0xfc, 0x80, 0x3f,
    0xfa, 0x5, 0x84, 0x1, 0x86, 0xe0, 0x3, 0xff,
    0x85, 0x30, 0x38, 0x20, 0x1f, 0xfd, 0x2, 0xc3,
    0x0, 0xe7, 0xd5, 0x0, 0xff, 0x2e, 0xb0, 0x0,
    0x68, 0x3, 0xff, 0xa2, 0x38, 0xc0, 0x1c, 0x55,
    0xd0, 0x82, 0x0, 0x14, 0x8d, 0xa2, 0x0, 0x86,
    0x0, 0x3f, 0xfa, 0x73, 0x40, 0x1e, 0x17, 0xbe,
    0xff, 0x75, 0xb9, 0x0, 0x61, 0xd3, 0x0, 0xff,
    0xea, 0x2f, 0x28, 0x7, 0xff, 0x15, 0x3c, 0xc0,
    0x3f, 0xfa, 0xc3, 0x58, 0xa0, 0x1f, 0xfc, 0x12,
    0xab, 0x10, 0xf, 0xfe, 0xc9, 0xd7, 0x42, 0x0,
    0x7c, 0x4d, 0x9a, 0xa0, 0x1f, 0xfd, 0xd1, 0x7b,
    0xfe, 0xcc, 0xb7, 0xf6, 0x4c, 0x3, 0xc0,

    /* U+0052 "R" */
    0xcf, 0xff, 0xfe, 0x47, 0x6d, 0xcb, 0x10, 0x7,
    0xff, 0x5c, 0x49, 0x1a, 0x77, 0xa4, 0xc0, 0x3f,
    0xfb, 0x42, 0xd9, 0x84, 0x0, 0xff, 0xed, 0x9d,
    0xd0, 0x80, 0x7f, 0xf0, 0xd, 0x9b, 0xff, 0x84,
    0xa8, 0x60, 0x1f, 0xcb, 0xe6, 0x1, 0xff, 0x24,
    0xcf, 0xff, 0xa, 0xaf, 0x3f, 0x65, 0x0, 0x3c,
    0x38, 0x80, 0x1f, 0xfd, 0x12, 0x6b, 0xe6, 0x0,
    0xf5, 0x98, 0x7, 0xff, 0x4c, 0x67, 0x8, 0x3,
    0xb8, 0x3, 0xff, 0xaa, 0x78, 0x40, 0x18, 0xa4,
    0x3, 0xff, 0xaa, 0x38, 0x20, 0x19, 0x84, 0x3,
    0xff, 0xaa, 0x36, 0x1, 0xd2, 0x1, 0xff, 0xd6,
    0x53, 0x0, 0xca, 0x1, 0xff, 0xd7, 0xa0, 0xc,
    0x44, 0x0, 0xff, 0xeb, 0x38, 0x7, 0x38, 0x7,
    0xff, 0x58, 0x44, 0x1, 0xb4, 0x3, 0xff, 0xae,
    0xa0, 0x18, 0x40, 0x3f, 0xfa, 0xe2, 0x1, 0x8c,
    0x3, 0xff, 0xfe, 0x2, 0x1, 0x8c, 0x3, 0xff,
    0xae, 0xc0, 0x18, 0x40, 0x3f, 0xfa, 0xc2, 0x40,
    0x1b, 0x40, 0x3f, 0xfa, 0xc8, 0x1, 0xce, 0x1,
    0xff, 0xd6, 0xe0, 0xc, 0x44, 0x0, 0xff, 0xea,
    0xa2, 0x0, 0x32, 0x80, 0x7f, 0xf5, 0x46, 0x80,
    0x3a, 0x40, 0x3f, 0xfa, 0xba, 0x20, 0x19, 0x84,
    0x3, 0xff, 0xa6, 0x5a, 0x60, 0x18, 0x64, 0x3,
    0xff, 0xa4, 0x31, 0xa4, 0x1, 0xda, 0x1, 0xff,
    0xd0, 0x15, 0xae, 0x70, 0xf, 0x59, 0x80, 0x7f,
    0x24, 0x47, 0xff, 0xa, 0x6a, 0xfb, 0x94, 0xa0,
    0x1e, 0x1c, 0x40, 0xf, 0xf1, 0xbb, 0xff, 0xf0,
    0x99, 0x50, 0x40, 0x3f, 0x27, 0x98, 0x7, 0xff,
    0x60, 0xee, 0xc2, 0x1, 0xff, 0xd7, 0x5c, 0xc2,
    0x0, 0x7f, 0xf4, 0x84, 0x80, 0x38, 0x4c, 0x3,
    0xff, 0x88, 0xff, 0xff, 0xfc, 0x3e, 0xda, 0x0,
    0xc8, 0xc0, 0x1f, 0xfd, 0x65, 0x50, 0x6, 0x92,
    0x0, 0xff, 0xeb, 0x58, 0x80, 0x6f, 0x0, 0xff,
    0xeb, 0xe, 0x80, 0x62, 0x80, 0xf, 0xfe, 0xb1,
    0xb8, 0x6, 0x74, 0x0, 0xff, 0xeb, 0x41, 0x80,
    0x6a, 0x10, 0xf, 0xfe, 0xb7, 0x0, 0x61, 0xb0,
    0xf, 0xfe, 0xb1, 0x48, 0x6, 0x56, 0x0, 0xff,
    0xeb, 0x32, 0x0, 0x69, 0x20, 0xf, 0xfe, 0xb5,
    0x8, 0x6, 0xe0, 0xf, 0xfe, 0xb0, 0xd0, 0x6,
    0x38, 0x0, 0xff, 0xeb, 0x23, 0x0, 0x67, 0x40,
    0xf, 0xfe, 0xb4, 0x90, 0x6, 0xa1, 0x0, 0xff,
    0xeb, 0x78, 0x6, 0x1b, 0x0, 0xff, 0xeb, 0x14,
    0x80, 0x65, 0x60, 0xf, 0xfe, 0xb3, 0x20, 0x6,
    0x92,

    /* U+0053 "S" */
    0x0, 0xff, 0xe0, 0x12, 0xc5, 0xef, 0x7f, 0xee,
    0xda, 0x85, 0x10, 0xf, 0xfe, 0x38, 0xbe, 0xea,
    0x9d, 0x8, 0x40, 0x30, 0x92, 0xbd, 0x76, 0xc1,
    0x80, 0x7f, 0xf0, 0x86, 0x7a, 0x8, 0x3, 0xff,
    0x88, 0x4f, 0x9a, 0xc0, 0x1f, 0xf2, 0x7b, 0x0,
    0x7f, 0xf2, 0x8a, 0x79, 0x80, 0x3f, 0x3d, 0x88,
    0x7, 0xc2, 0x8a, 0xef, 0x32, 0x98, 0x80, 0x7e,
    0x19, 0x90, 0x7, 0x9e, 0x0, 0x3c, 0x73, 0xdc,
    0xba, 0x88, 0xa6, 0xb3, 0xb9, 0x4c, 0x20, 0x1e,
    0xc0, 0xe, 0x38, 0x0, 0xe3, 0xcc, 0x30, 0x80,
    0x7f, 0x85, 0x67, 0xad, 0x0, 0x21, 0x50, 0xe,
    0xe0, 0xe, 0x7c, 0x30, 0xf, 0xfe, 0x2a, 0x5e,
    0xa8, 0x48, 0x7, 0x29, 0x0, 0x66, 0x80, 0xf,
    0xfe, 0x49, 0x55, 0xb0, 0x7, 0x70, 0x6, 0x29,
    0x0, 0xff, 0xe6, 0x20, 0x80, 0x72, 0x0, 0x6b,
    0x0, 0xff, 0xe9, 0x98, 0x7, 0x38, 0x7, 0xff,
    0x4d, 0x80, 0x30, 0x88, 0x3, 0xff, 0xa6, 0x60,
    0x18, 0xc0, 0x3f, 0xfa, 0x86, 0x1, 0x88, 0x3,
    0xff, 0xa8, 0x20, 0x1c, 0x40, 0x1f, 0xfd, 0x35,
    0x0, 0xea, 0x0, 0xff, 0xe9, 0x89, 0x0, 0x67,
    0x20, 0xf, 0xfe, 0x9d, 0x80, 0x76, 0x10, 0x7,
    0xff, 0x49, 0x88, 0x3, 0xe, 0xb0, 0x7, 0xff,
    0x4b, 0x80, 0x3d, 0x3a, 0xc2, 0x1, 0xff, 0xcf,
    0x3b, 0x0, 0xf1, 0x4f, 0x5b, 0x10, 0x7, 0xff,
    0x35, 0x30, 0x40, 0x3e, 0x49, 0xde, 0xa6, 0x20,
    0xf, 0xfe, 0x51, 0xf3, 0x80, 0x7f, 0xa, 0xce,
    0xf5, 0x30, 0x80, 0x7f, 0xf2, 0x23, 0x9c, 0x40,
    0x3f, 0xc2, 0xb3, 0xdb, 0x6, 0x1, 0xff, 0xc6,
    0x18, 0xeb, 0x51, 0x0, 0xff, 0x89, 0xf3, 0x9c,
    0x40, 0x3f, 0xf8, 0xc9, 0x5d, 0x90, 0x80, 0x1f,
    0xf0, 0xc7, 0x48, 0x80, 0x7f, 0xf1, 0xcd, 0xef,
    0xf2, 0x14, 0x40, 0x3f, 0x9b, 0xd4, 0x3, 0xff,
    0x94, 0x6f, 0x5d, 0x90, 0x60, 0x1f, 0xd, 0x40,
    0x7, 0xff, 0x34, 0xdf, 0x3a, 0x8, 0x3, 0xcf,
    0x0, 0x1f, 0xfc, 0xf1, 0x7d, 0x91, 0x0, 0xe7,
    0x40, 0xf, 0xfe, 0x8b, 0x79, 0x80, 0x74, 0x80,
    0x7f, 0xf4, 0x87, 0xc, 0x3, 0x12, 0x0, 0x7f,
    0xf4, 0xf8, 0x3, 0xb0, 0x3, 0xff, 0xa6, 0x48,
    0x1, 0x8c, 0x3, 0xff, 0xa9, 0x80, 0x19, 0x80,
    0x3f, 0xfa, 0x82, 0x1, 0x8c, 0x3, 0xff, 0xb2,
    0x60, 0x1f, 0xfd, 0x4e, 0x0, 0xcc, 0x0, 0x20,
    0xf, 0xfe, 0x8a, 0x80, 0x63, 0x1, 0xd9, 0x0,
    0xff, 0xe7, 0xa9, 0x0, 0x6b, 0x9, 0x6, 0xd3,
    0x0, 0xff, 0xe6, 0xd, 0x80, 0x62, 0x31, 0x70,
    0x1, 0x65, 0x10, 0x7, 0xff, 0x24, 0xb0, 0x40,
    0x34, 0x3, 0x80, 0x72, 0xed, 0xa0, 0x7, 0xff,
    0x19, 0xf4, 0x80, 0x32, 0xa8, 0x19, 0xc0, 0x3c,
    0x97, 0xd2, 0xa2, 0x1, 0xff, 0x24, 0xf4, 0x0,
    0x71, 0x58, 0x5, 0x16, 0x20, 0x1e, 0x16, 0xae,
    0xe6, 0x54, 0xc4, 0x53, 0x7b, 0xf6, 0xc2, 0x1,
    0xc7, 0x82, 0x1, 0x93, 0x9c, 0x3, 0xf8, 0x4d,
    0x59, 0xde, 0x64, 0x20, 0xf, 0xcd, 0x82, 0x1,
    0xf4, 0x74, 0x10, 0x7, 0xff, 0x28, 0xf2, 0x40,
    0x3f, 0xc2, 0xfb, 0x8c, 0x40, 0x1f, 0xfc, 0x41,
    0x6c, 0xc1, 0x80, 0x7f, 0xf0, 0x8e, 0x77, 0xa9,
    0xd4, 0xc4, 0x3, 0x9, 0x1b, 0x4e, 0x74, 0x98,
    0x7, 0xe0,

    /* U+0054 "T" */
    0xbf, 0xff, 0xfe, 0xe0, 0x7, 0xff, 0xfc, 0x3,
    0xff, 0xd1, 0xac, 0xdf, 0xfc, 0x50, 0xe, 0x46,
    0x6f, 0xfe, 0x28, 0x34, 0xcf, 0xff, 0x14, 0x3,
    0xba, 0x67, 0xff, 0x8a, 0x1, 0xff, 0xff, 0x0,
    0xff, 0xff, 0x80, 0x7f, 0xff, 0xc0, 0x3f, 0xff,
    0xe0, 0x1f, 0xff, 0xf0, 0xf, 0xff, 0xf8, 0x7,
    0xff, 0xfc, 0x3, 0xff, 0xfe, 0x1, 0xff, 0xff,
    0x0, 0xff, 0xff, 0x80, 0x7f, 0xff, 0xc0, 0x3f,
    0xff, 0xe0, 0x1f, 0xff, 0xf0, 0xf, 0xff, 0xf8,
    0x7, 0xff, 0xfc, 0x3, 0xff, 0xfe, 0x1, 0xff,
    0xff, 0x0, 0xff, 0xff, 0x80, 0x7f, 0xff, 0xc0,
    0x3f, 0xff, 0xe0, 0x1f, 0xff, 0xf0, 0xf, 0xff,
    0xf8, 0x7, 0xff, 0xfc, 0x3, 0xff, 0xfe, 0x1,
    0xff, 0xe5,

    /* U+0055 "U" */
    0x3f, 0xfe, 0x10, 0xf, 0xfe, 0x97, 0xff, 0x10,
    0x7, 0xff, 0xfc, 0x3, 0xff, 0xfe, 0x1, 0xff,
    0xff, 0x0, 0xff, 0xff, 0x80, 0x7f, 0xff, 0xc0,
    0x3f, 0xff, 0xe0, 0x1f, 0xff, 0xf0, 0xf, 0xff,
    0xf8, 0x7, 0xff, 0xfc, 0x3, 0xff, 0xfe, 0x1,
    0xff, 0xff, 0x0, 0xff, 0xff, 0x80, 0x7f, 0xff,
    0xc0, 0x3f, 0xff, 0xe0, 0x1f, 0xff, 0xf0, 0xf,
    0xff, 0xf8, 0x7, 0xf8, 0xc0, 0x3f, 0xfb, 0x2,
    0x1, 0xc2, 0x1, 0xff, 0xd1, 0x10, 0xe, 0x33,
    0x0, 0x73, 0x80, 0x7f, 0xf4, 0x48, 0x3, 0x84,
    0x40, 0x1c, 0x40, 0x1f, 0xfd, 0x17, 0x0, 0xf8,
    0x80, 0x37, 0x80, 0x7f, 0xf4, 0x4c, 0x3, 0x18,
    0x1, 0x80, 0x32, 0x80, 0x7f, 0xf4, 0x70, 0x3,
    0x30, 0x3, 0x0, 0x31, 0x88, 0x7, 0xff, 0x41,
    0x0, 0x36, 0x0, 0x10, 0x3, 0x90, 0x3, 0xff,
    0x9e, 0x80, 0x1c, 0x80, 0x3, 0x10, 0xd, 0x20,
    0x1f, 0xfc, 0xff, 0x0, 0xc2, 0x40, 0x13, 0x80,
    0x63, 0x40, 0xf, 0xfe, 0x69, 0xa0, 0x6, 0x60,
    0xd, 0x60, 0x1d, 0x20, 0x1f, 0xfc, 0xdf, 0x0,
    0xea, 0x0, 0xc4, 0xa0, 0x18, 0xa8, 0x3, 0xff,
    0x97, 0x6, 0x1, 0x98, 0x80, 0x3a, 0x0, 0x39,
    0x64, 0x3, 0xff, 0x92, 0xee, 0x0, 0xe8, 0x0,
    0xf1, 0x48, 0x7, 0x35, 0x88, 0x7, 0xff, 0x1a,
    0xa0, 0x3, 0xa4, 0x40, 0x3e, 0x65, 0x0, 0xe4,
    0xf7, 0x0, 0xff, 0xe1, 0xb7, 0x28, 0x7, 0x33,
    0x0, 0x3f, 0xa9, 0x0, 0x38, 0x63, 0xe5, 0x44,
    0x3, 0xe1, 0x49, 0xe9, 0x10, 0xe, 0x59, 0x0,
    0xff, 0xad, 0x80, 0x3e, 0x6a, 0xee, 0x6e, 0x5e,
    0x6f, 0x72, 0xd8, 0x40, 0x3c, 0xd4, 0x1, 0xff,
    0xc1, 0x9a, 0x0, 0xfe, 0x12, 0x34, 0x32, 0x10,
    0xf, 0xc3, 0x52, 0x1, 0xff, 0xc3, 0x5e, 0x60,
    0xf, 0xfe, 0x4b, 0x7a, 0x80, 0x7f, 0xf1, 0x46,
    0x7a, 0x8, 0x3, 0xff, 0x86, 0x51, 0xd2, 0x20,
    0x1f, 0xfc, 0x81, 0x7d, 0xd4, 0xb2, 0x10, 0x80,
    0x42, 0x48, 0xd3, 0xba, 0x71, 0x0, 0xff, 0x80,

    /* U+0056 "V" */
    0x8f, 0xfe, 0x30, 0xf, 0xfe, 0xcc, 0x7f, 0xed,
    0xa, 0x0, 0xe9, 0x0, 0xff, 0xec, 0xb0, 0x6,
    0xa0, 0x25, 0x0, 0xca, 0x20, 0x1f, 0xfd, 0x76,
    0x10, 0xc, 0xe0, 0x9, 0x0, 0xe9, 0x0, 0xff,
    0xeb, 0xd8, 0x6, 0x70, 0x8, 0xcc, 0x1, 0x98,
    0x3, 0xff, 0xac, 0x84, 0x1, 0xa4, 0x3, 0x48,
    0x6, 0x16, 0x0, 0xff, 0xea, 0xf8, 0x6, 0x51,
    0x0, 0xca, 0x40, 0x1a, 0xc0, 0x3f, 0xfa, 0x86,
    0x80, 0x1a, 0x40, 0x3d, 0x40, 0x18, 0x90, 0x3,
    0xff, 0xa7, 0x20, 0x18, 0xcc, 0x1, 0xe7, 0x0,
    0xef, 0x0, 0xff, 0xe9, 0xa, 0x80, 0x69, 0x0,
    0xfc, 0xe0, 0x19, 0xc, 0x3, 0xff, 0xa3, 0x20,
    0x18, 0x94, 0x3, 0xf4, 0x80, 0x74, 0x80, 0x7f,
    0xf4, 0x58, 0x3, 0x58, 0x7, 0xf0, 0xa8, 0x6,
    0x51, 0x0, 0xff, 0xe7, 0xb0, 0x80, 0x42, 0xc0,
    0x1f, 0xe9, 0x0, 0xe9, 0x0, 0xff, 0xe7, 0xd8,
    0x6, 0x60, 0xf, 0xf8, 0xcc, 0x1, 0x98, 0x3,
    0xff, 0x9c, 0x84, 0x1, 0xa4, 0x3, 0xff, 0x81,
    0x0, 0x18, 0x58, 0x3, 0xff, 0x9b, 0x0, 0x19,
    0x44, 0x3, 0xff, 0x80, 0x84, 0x1, 0xac, 0x3,
    0xff, 0x98, 0x66, 0x0, 0xd2, 0x1, 0xff, 0xc2,
    0xb0, 0xc, 0x48, 0x1, 0xff, 0xcb, 0x90, 0xc,
    0x86, 0x1, 0xff, 0xc2, 0x61, 0x0, 0xde, 0x1,
    0xff, 0xca, 0x15, 0x0, 0xde, 0x1, 0xff, 0xc4,
    0x60, 0xc, 0x84, 0x1, 0xff, 0xc9, 0x90, 0xc,
    0x48, 0x1, 0xff, 0xc4, 0x90, 0xe, 0xb0, 0xf,
    0xfe, 0x4b, 0x80, 0x6b, 0x0, 0xff, 0xe2, 0x8a,
    0x80, 0x66, 0x10, 0xf, 0xfe, 0x3b, 0x80, 0x61,
    0x60, 0xf, 0xfe, 0x34, 0x80, 0x74, 0x80, 0x7f,
    0xf1, 0xe8, 0x3, 0x30, 0x7, 0xff, 0x1c, 0xd0,
    0x3, 0x30, 0x7, 0xff, 0x19, 0x48, 0x3, 0x48,
    0x7, 0xff, 0x23, 0xc0, 0x30, 0xb0, 0x7, 0xff,
    0x16, 0x40, 0x33, 0x8, 0x7, 0xff, 0x21, 0x8,
    0x3, 0x58, 0x7, 0xff, 0x10, 0xcc, 0x1, 0xac,
    0x3, 0xff, 0x95, 0x60, 0x18, 0x90, 0x3, 0xff,
    0x87, 0x20, 0x19, 0x8, 0x3, 0xff, 0x94, 0xc2,
    0x1, 0xbc, 0x3, 0xff, 0x84, 0x4a, 0x1, 0xbc,
    0x3, 0xff, 0x98, 0xc0, 0x19, 0x8, 0x3, 0xff,
    0x83, 0x60, 0x18, 0x90, 0x3, 0xff, 0x99, 0x20,
    0x1d, 0x60, 0x1f, 0xfc, 0x1, 0x60, 0xd, 0x60,
    0x1f, 0xfc, 0xd1, 0x60, 0xc, 0xc2, 0x1, 0xff,
    0x30, 0x6, 0x16, 0x0, 0xff, 0xe7, 0x58, 0x7,
    0x48, 0x7, 0xfd, 0x20, 0x1a, 0x40, 0x3f, 0xf9,
    0xe4, 0x80, 0x19, 0x80, 0x3f, 0xca, 0x20, 0x19,
    0x80, 0x3f, 0xfa, 0x1e, 0x1, 0x85, 0x80, 0x3f,
    0xa4, 0x3, 0x30, 0x80, 0x7f, 0xf4, 0x10, 0x80,
    0x35, 0x80, 0x7e, 0x33, 0x0, 0x6b, 0x0, 0xff,
    0xe9, 0x58, 0x6, 0x24, 0x0, 0xfa, 0x0, 0x32,
    0x10, 0x7, 0xff, 0x49, 0x84, 0x3, 0x78, 0x7,
    0x89, 0x0, 0x37, 0x80, 0x7f, 0xf5, 0x24, 0x3,
    0x21, 0x0, 0x75, 0x80, 0x62, 0x40, 0xf, 0xfe,
    0xa3, 0x0, 0x75, 0x80, 0x61, 0x60, 0xd, 0x60,
    0x1f, 0xfd, 0x51, 0x60, 0xc, 0xc2, 0x1, 0x30,
    0x6, 0x16, 0x0, 0xff, 0xeb, 0x58, 0x7, 0x30,
    0x5, 0x20, 0x1a, 0x40, 0x3f, 0xfa, 0xe4, 0x80,
    0x1a, 0x40, 0xc, 0x20, 0x19, 0x80, 0x3f, 0xfb,
    0x1e, 0x1, 0x85, 0x82, 0xc0, 0x33, 0x8, 0x7,
    0xff, 0x61, 0x8, 0x3, 0x5a, 0x10, 0x6, 0xb0,
    0xf, 0xfe, 0xd4, 0x0, 0x62, 0xa0, 0xc, 0x84,
    0x1, 0xff, 0xda, 0x51, 0x0, 0xc2, 0x1, 0xbc,
    0x3, 0xff, 0xb9, 0x20, 0x1f, 0x8d, 0x0, 0x3f,
    0xfb, 0x8c, 0x1, 0xfa, 0x40, 0x3f, 0xfb, 0xa2,
    0xc0, 0x1e, 0x15, 0x0, 0xff, 0xef, 0x58, 0x7,
    0xa4, 0x3, 0xff, 0xbe, 0x48, 0x1, 0xcc, 0x1,
    0xff, 0xca,

    /* U+0057 "W" */
    0x2f, 0xfe, 0x40, 0xf, 0xfe, 0x83, 0xff, 0xec,
    0x0, 0xff, 0xe8, 0xf7, 0xfe, 0x32, 0x20, 0x6,
    0xe0, 0xf, 0xfe, 0x85, 0x80, 0x63, 0x20, 0xf,
    0xfe, 0x79, 0x88, 0x4, 0x26, 0x14, 0x1, 0x94,
    0x3, 0xff, 0x9e, 0x46, 0x1, 0xca, 0x1, 0xff,
    0xcf, 0xa0, 0xc, 0xc0, 0x5, 0x0, 0xe5, 0x0,
    0xff, 0xe7, 0x28, 0x7, 0xa8, 0x3, 0xff, 0x9e,
    0xe0, 0x1a, 0xc0, 0x4, 0x40, 0xd, 0xe0, 0x1f,
    0xfc, 0xea, 0x0, 0xf1, 0x10, 0x3, 0xff, 0x9a,
    0x82, 0x1, 0x11, 0x80, 0x54, 0x1, 0x94, 0x3,
    0xff, 0x9a, 0x44, 0x0, 0xfa, 0x80, 0x3f, 0xf9,
    0xba, 0x1, 0x94, 0x3, 0x28, 0x7, 0x28, 0x7,
    0xff, 0x32, 0x80, 0x3f, 0x28, 0x7, 0xff, 0x35,
    0xc0, 0x35, 0x80, 0x62, 0x30, 0xd, 0xe0, 0x1f,
    0xfc, 0xc6, 0x0, 0xc2, 0x1, 0x11, 0x80, 0x7f,
    0xf2, 0xd0, 0x40, 0x22, 0x30, 0xe, 0xb0, 0xc,
    0xa0, 0x1f, 0xfc, 0xb3, 0x10, 0x9, 0x5c, 0x3,
    0x58, 0x7, 0xff, 0x2f, 0x40, 0x32, 0x80, 0x79,
    0x80, 0x39, 0x40, 0x3f, 0xf9, 0x54, 0x1, 0xbb,
    0x40, 0x33, 0x0, 0x7f, 0xf2, 0xdc, 0x3, 0x50,
    0x7, 0x84, 0xc0, 0x37, 0x0, 0x7f, 0xf2, 0x9c,
    0x2, 0x14, 0x40, 0x80, 0x42, 0x60, 0x1f, 0xfc,
    0x94, 0x10, 0x8, 0x88, 0x1, 0xf5, 0x0, 0x64,
    0x0, 0xff, 0xe4, 0xa0, 0x80, 0x4e, 0x0, 0x60,
    0xd, 0x40, 0x1f, 0xfc, 0x9e, 0x0, 0xd4, 0x1,
    0xf9, 0xc0, 0x39, 0x40, 0x3f, 0xf9, 0x1c, 0x1,
    0xb4, 0x1, 0x60, 0x19, 0xc0, 0x3f, 0xf9, 0x2a,
    0x1, 0x94, 0x3, 0xf0, 0x98, 0x6, 0xe0, 0xf,
    0xfe, 0x42, 0x80, 0x42, 0x80, 0x3, 0x20, 0x8,
    0x50, 0x3, 0xff, 0x8e, 0xa0, 0x18, 0x88, 0x1,
    0xfd, 0x40, 0x19, 0x4, 0x3, 0xff, 0x8c, 0xa0,
    0x19, 0xc0, 0x32, 0x80, 0x6d, 0x0, 0xff, 0xe3,
    0xf8, 0x6, 0xa0, 0xf, 0xf3, 0x80, 0x73, 0x80,
    0x7f, 0xf1, 0xbc, 0x3, 0x50, 0x6, 0xa0, 0xc,
    0xe0, 0x1f, 0xfc, 0x75, 0x0, 0xca, 0x1, 0xfe,
    0x14, 0x0, 0xda, 0x1, 0xff, 0xc6, 0x50, 0x8,
    0x8c, 0x3, 0x11, 0x0, 0x21, 0x40, 0xf, 0xfe,
    0x2a, 0x80, 0x63, 0x20, 0xf, 0xfb, 0x40, 0x32,
    0x8, 0x7, 0xff, 0x11, 0x40, 0x32, 0x80, 0x7a,
    0x80, 0x37, 0x0, 0x7f, 0xf1, 0x7c, 0x3, 0x58,
    0x7, 0xff, 0x1, 0xc0, 0x39, 0xc0, 0x3f, 0xf8,
    0x9c, 0x1, 0xa8, 0x3, 0xca, 0x1, 0x94, 0x3,
    0xff, 0x8a, 0xa0, 0x19, 0x80, 0x3f, 0xf8, 0x2,
    0x80, 0x1b, 0x40, 0x3f, 0xf8, 0x62, 0x80, 0x11,
    0x10, 0x3, 0xc4, 0x60, 0x19, 0x40, 0x3f, 0xf8,
    0x6a, 0x1, 0x8c, 0x40, 0x3f, 0xf8, 0x3a, 0x1,
    0x90, 0x40, 0x3f, 0xf8, 0x4e, 0x1, 0xa8, 0x3,
    0xf5, 0x80, 0x6f, 0x0, 0xff, 0xe1, 0xf0, 0x6,
    0xa0, 0xf, 0xfe, 0x13, 0x0, 0x73, 0x80, 0x7f,
    0xf0, 0xa8, 0x3, 0x28, 0x7, 0xe6, 0x0, 0xca,
    0x1, 0xff, 0xc2, 0x14, 0x0, 0xce, 0x1, 0xff,
    0xc3, 0x40, 0xd, 0xa0, 0x1f, 0xfc, 0x11, 0x30,
    0x8, 0xc8, 0x3, 0xf0, 0xa0, 0x6, 0x50, 0xf,
    0xfe, 0xb, 0x80, 0x63, 0x10, 0xf, 0xfe, 0x1f,
    0x0, 0x64, 0x10, 0xf, 0xfe, 0x3, 0x0, 0x6a,
    0x0, 0xff, 0x68, 0x6, 0xe0, 0xf, 0xfe, 0xe,
    0x80, 0x6a, 0x0, 0xff, 0xe2, 0x28, 0x7, 0x38,
    0x7, 0xff, 0x2, 0x80, 0x33, 0x80, 0x7f, 0x9c,
    0x3, 0x20, 0x80, 0x7f, 0xc2, 0x80, 0x19, 0xc0,
    0x3f, 0xf8, 0xaa, 0x1, 0xa8, 0x3, 0xfe, 0x22,
    0x0, 0x48, 0x20, 0x1f, 0xe1, 0x40, 0xc, 0xe0,
    0x1f, 0xf3, 0x80, 0x64, 0x10, 0xf, 0xfe, 0x2f,
    0x80, 0x63, 0x10, 0xf, 0xf5, 0x0, 0x6d, 0x0,
    0xff, 0xe0, 0x70, 0x6, 0xd0, 0xf, 0xfa, 0x80,
    0x36, 0x80, 0x7f, 0xf1, 0x94, 0x3, 0x9c, 0x3,
    0xfc, 0xa0, 0x19, 0xc0, 0x3f, 0xf8, 0xa, 0x1,
    0x90, 0x40, 0x3f, 0x84, 0xc0, 0x33, 0x80, 0x7f,
    0xf1, 0xd4, 0x3, 0x50, 0x7, 0xf1, 0x90, 0x4,
    0x82, 0x1, 0xff, 0xc1, 0x50, 0xc, 0xe0, 0x1f,
    0xce, 0x1, 0x90, 0x40, 0x3f, 0xf8, 0xfe, 0x1,
    0x8c, 0x40, 0x3f, 0x58, 0x6, 0xe0, 0xf, 0xfe,
    0x17, 0x80, 0x6a, 0x0, 0xfe, 0xa0, 0xd, 0xa0,
    0x1f, 0xfc, 0x85, 0x0, 0xe6, 0x0, 0xfc, 0xc0,
    0x19, 0x40, 0x3f, 0xf8, 0x4a, 0x1, 0x8c, 0x80,
    0x3e, 0x13, 0x0, 0xcc, 0x1, 0xff, 0xc9, 0x50,
    0xd, 0x60, 0x1f, 0x20, 0x80, 0x4a, 0x1, 0xff,
    0xc4, 0x60, 0xc, 0xa0, 0x1f, 0x30, 0x6, 0x40,
    0xf, 0xfe, 0x57, 0x0, 0x63, 0x20, 0xf, 0x68,
    0x6, 0xe0, 0xf, 0xfe, 0x26, 0x80, 0x6a, 0x0,
    0xfa, 0xc0, 0x37, 0x0, 0x7f, 0xf2, 0x90, 0x40,
    0x32, 0x80, 0x79, 0xc0, 0x21, 0x40, 0xf, 0xfe,
    0x22, 0x8, 0x4, 0x44, 0x0, 0xe2, 0x30, 0xc,
    0xa0, 0x1f, 0xfc, 0xb7, 0x0, 0xd6, 0x1, 0xc8,
    0x20, 0x13, 0x80, 0x7f, 0xf1, 0x9c, 0x3, 0x50,
    0x7, 0x28, 0x6, 0x50, 0xf, 0xfe, 0x66, 0x80,
    0x63, 0x20, 0xd, 0xc0, 0x1b, 0x40, 0x3f, 0xf8,
    0xd4, 0x1, 0x94, 0x3, 0xa8, 0x3, 0x78, 0x7,
    0xff, 0x31, 0x4, 0x3, 0x28, 0x6, 0x50, 0x8,
    0x50, 0x3, 0xff, 0x8c, 0x62, 0x1, 0x11, 0x80,
    0x44, 0x40, 0xc, 0xa0, 0x1f, 0xfc, 0xd7, 0x0,
    0xd4, 0x1, 0x28, 0x6, 0x60, 0xf, 0xfe, 0x43,
    0x0, 0x6b, 0x0, 0xa8, 0x3, 0x28, 0x7, 0xff,
    0x3b, 0x40, 0x31, 0x10, 0x1, 0xc0, 0x1a, 0xc0,
    0x3f, 0xf9, 0x16, 0x1, 0x94, 0x2, 0x50, 0xd,
    0xe0, 0x1f, 0xfc, 0xe4, 0x10, 0xc, 0xa0, 0x28,
    0x1, 0x11, 0x80, 0x7f, 0xf2, 0xc, 0x80, 0x22,
    0x30, 0x22, 0x0, 0x65, 0x0, 0xff, 0xe7, 0xb8,
    0x6, 0xa0, 0x70, 0xc, 0xa0, 0x1f, 0xfc, 0xa5,
    0x0, 0xd4, 0x14, 0x1, 0x94, 0x3, 0xff, 0xa1,
    0x40, 0x18, 0x89, 0xa0, 0x1a, 0x80, 0x3f, 0xf9,
    0x54, 0x1, 0x9c, 0x14, 0x3, 0x70, 0x7, 0xff,
    0x40, 0xc4, 0x3, 0x5a, 0x0, 0x44, 0x40, 0xf,
    0xfe, 0x51, 0x18, 0x4, 0x2e, 0x40, 0x10, 0xa0,
    0x7, 0xff, 0x45, 0x80, 0x33, 0x0, 0x6a, 0x0,
    0xff, 0xe6, 0x58, 0x6, 0x80, 0xc, 0xe0, 0x1f,
    0xfd, 0x2b, 0x0, 0xfe, 0x60, 0xf, 0xfe, 0x63,
    0x0, 0x7f, 0x68, 0x7, 0xff, 0x48, 0xc8, 0x3,
    0xe3, 0x10, 0xf, 0xfe, 0x60, 0x98, 0x7, 0xc2,
    0x80, 0x1f, 0xfd, 0x35, 0x0, 0xfa, 0x80, 0x3f,
    0xf9, 0xd4, 0x1, 0xf3, 0x80, 0x7f, 0xf5, 0x2c,
    0x3, 0xe7, 0x0, 0xff, 0xe7, 0x38, 0x7, 0xda,
    0x1, 0xff, 0xd4, 0x32, 0x0, 0xe4, 0x10, 0xf,
    0xfe, 0x70, 0xa0, 0x7, 0xa, 0x0, 0x7f, 0xf5,
    0x54, 0x3, 0xb4, 0x3, 0xff, 0xa1, 0xa0, 0x1c,
    0xe0, 0x1f, 0xfc, 0x50,

    /* U+0058 "X" */
    0x3, 0xff, 0xed, 0x0, 0xff, 0xe8, 0xbf, 0xff,
    0x20, 0x4, 0x70, 0x1, 0x8a, 0x80, 0x3f, 0xf9,
    0xe7, 0x0, 0x19, 0xd0, 0x3, 0x3a, 0x0, 0x65,
    0x60, 0xf, 0xfe, 0x68, 0xe8, 0x6, 0x38, 0x0,
    0xf5, 0x8, 0x6, 0x92, 0x0, 0xff, 0xe6, 0x50,
    0x80, 0x43, 0xa0, 0x1f, 0xe, 0x80, 0x77, 0x80,
    0x7f, 0xf2, 0xdd, 0x0, 0x35, 0x88, 0x7, 0xe3,
    0x80, 0xc, 0x54, 0x1, 0xff, 0xc9, 0x38, 0x0,
    0xcc, 0xa0, 0x1f, 0xe7, 0x40, 0xc, 0xac, 0x1,
    0xff, 0xc7, 0x1e, 0x0, 0xc7, 0x20, 0x1f, 0xfc,
    0xa, 0x10, 0xd, 0x24, 0x1, 0xff, 0xc6, 0xb2,
    0x0, 0xdc, 0x1, 0xff, 0xc1, 0x1a, 0x0, 0xef,
    0x0, 0xff, 0xe2, 0xb2, 0x80, 0x6a, 0x20, 0xf,
    0xfe, 0x12, 0x38, 0x6, 0x29, 0x0, 0xff, 0xe1,
    0x9c, 0x80, 0x66, 0x50, 0xf, 0xfe, 0x24, 0x18,
    0x6, 0x65, 0x0, 0xff, 0xe1, 0x70, 0x6, 0x29,
    0x0, 0xff, 0xe3, 0x70, 0x7, 0x51, 0x0, 0x7f,
    0xf0, 0x28, 0x80, 0x37, 0x80, 0x7f, 0xf1, 0xca,
    0x80, 0x3b, 0x80, 0x3f, 0xe6, 0x50, 0xd, 0x24,
    0x1, 0xff, 0xc8, 0x56, 0x0, 0xc7, 0x0, 0x1f,
    0xc5, 0x20, 0x19, 0x58, 0x3, 0xff, 0x95, 0x24,
    0x1, 0x9d, 0x0, 0x3f, 0x78, 0x6, 0x2a, 0x0,
    0xff, 0xe6, 0x78, 0x7, 0x50, 0x80, 0x7a, 0x48,
    0x3, 0x70, 0x7, 0xff, 0x34, 0xa4, 0x3, 0xe,
    0x80, 0x72, 0xb0, 0x6, 0x83, 0x0, 0xff, 0xe7,
    0x32, 0x80, 0x63, 0x80, 0x8, 0xa8, 0x3, 0x23,
    0x80, 0x7f, 0xf4, 0x28, 0x80, 0x33, 0xa0, 0x3,
    0x80, 0x30, 0xd0, 0x7, 0xff, 0x4b, 0x80, 0x3a,
    0x86, 0x4c, 0x3, 0x68, 0x80, 0x7f, 0xf4, 0x8e,
    0x40, 0x30, 0xe3, 0x0, 0x68, 0x30, 0xf, 0xfe,
    0xa3, 0x20, 0x6, 0x20, 0xc, 0x8e, 0x1, 0xff,
    0xd6, 0xa1, 0x0, 0xf8, 0x68, 0x3, 0xff, 0xae,
    0x3a, 0x1, 0xf5, 0x8, 0x7, 0xff, 0x60, 0xc8,
    0x3, 0xcc, 0x1, 0xff, 0xd9, 0x82, 0x0, 0xf7,
    0x0, 0x7f, 0xf6, 0x11, 0xc0, 0x3e, 0x38, 0x0,
    0xff, 0xeb, 0xd, 0x0, 0x7f, 0x3a, 0x0, 0x7f,
    0xf5, 0x68, 0x40, 0x35, 0x0, 0x75, 0x8, 0x7,
    0xff, 0x4d, 0xd0, 0x3, 0x4a, 0xc8, 0x6, 0x1d,
    0x0, 0xff, 0xe9, 0x1c, 0x0, 0x65, 0x60, 0x65,
    0x0, 0xc7, 0x0, 0x1f, 0xfd, 0x1, 0xd0, 0xc,
    0x36, 0x1, 0x51, 0x0, 0x67, 0x40, 0xf, 0xfe,
    0x7d, 0x8, 0x6, 0xd1, 0x0, 0xdc, 0x1, 0xd4,
    0x20, 0x1f, 0xfc, 0xd7, 0x40, 0xd, 0x6, 0x1,
    0xc7, 0x20, 0x18, 0x68, 0x3, 0xff, 0x98, 0x70,
    0x1, 0x91, 0xc0, 0x3e, 0x65, 0x0, 0xc8, 0xe0,
    0x1f, 0xfc, 0xa1, 0xd0, 0xc, 0x34, 0x1, 0xfd,
    0x64, 0x1, 0xa0, 0xc0, 0x3f, 0xf9, 0x34, 0x20,
    0x1a, 0x84, 0x3, 0xf8, 0x78, 0x3, 0xb4, 0x40,
    0x3f, 0xf8, 0xee, 0x80, 0x19, 0xd0, 0x3, 0xfe,
    0x38, 0x0, 0xc3, 0x40, 0x1f, 0xfc, 0x63, 0x80,
    0xc, 0x70, 0x1, 0xff, 0xc1, 0x74, 0x0, 0xc8,
    0xe0, 0x1f, 0xfc, 0x41, 0xd0, 0xe, 0xe0, 0xf,
    0xfe, 0x1d, 0x8, 0x6, 0x83, 0x0, 0xff, 0xe1,
    0xd8, 0x80, 0x6a, 0x20, 0xf, 0xfe, 0x18, 0xe8,
    0x7, 0x68, 0x80, 0x7f, 0xf0, 0x5d, 0x40, 0x33,
    0x28, 0x7, 0xff, 0x14, 0xe0, 0x3, 0xd, 0x0,
    0x7f, 0xf0, 0xe, 0x0, 0x31, 0x48, 0x7, 0xff,
    0x1d, 0xd0, 0x3, 0x23, 0x80, 0x7f, 0x87, 0x80,
    0x3b, 0xc0, 0x3f, 0xf9, 0x34, 0x20, 0x1a, 0xc,
    0x3, 0xfa, 0xc8, 0x3, 0x49, 0x0, 0x7f, 0xf2,
    0x46, 0x80, 0x3b, 0x80, 0x3f, 0x32, 0x80, 0x65,
    0x60, 0xf, 0xfe, 0x5a, 0x38, 0x6, 0x2a, 0x0,
    0xf1, 0xc8, 0x6, 0x2a, 0x0, 0xff, 0xe6, 0xc1,
    0x80, 0x65, 0x60, 0xe, 0xe0, 0xe, 0xe0, 0xf,
    0xfe, 0x7e, 0x88, 0x6, 0x93, 0x0, 0xa8, 0x80,
    0x34, 0x18, 0x7, 0xff, 0x3c, 0x68, 0x3, 0xb8,
    0x0, 0xca, 0x1, 0x91, 0xc0, 0x3f, 0xfa, 0x28,
    0xc0, 0x18, 0xa8, 0x0,

    /* U+0059 "Y" */
    0x9f, 0xfe, 0x10, 0xf, 0xfe, 0xa0, 0xf7, 0xfe,
    0x58, 0x10, 0xd, 0x40, 0x1f, 0xfd, 0x48, 0x10,
    0x9, 0x14, 0x60, 0x3, 0x22, 0x0, 0x3f, 0xfa,
    0x46, 0xc0, 0x1a, 0x40, 0xc, 0x60, 0x1a, 0x80,
    0x3f, 0xfa, 0x5c, 0x1, 0xa0, 0x80, 0x2e, 0x0,
    0xc3, 0x0, 0x1f, 0xfd, 0x7, 0x20, 0x8, 0x9c,
    0x3, 0x13, 0x80, 0x67, 0x20, 0xf, 0xfe, 0x70,
    0xc0, 0x6, 0x90, 0xf, 0x40, 0x80, 0x6e, 0x0,
    0xff, 0xe7, 0x50, 0x6, 0x54, 0x0, 0xfa, 0x80,
    0x31, 0xb0, 0x7, 0xff, 0x31, 0x50, 0x2, 0x1b,
    0x0, 0xfc, 0x88, 0x0, 0xd0, 0x20, 0x1f, 0xfc,
    0xbb, 0x0, 0xd0, 0x20, 0x1f, 0xd4, 0x1, 0x86,
    0x0, 0x3f, 0xf9, 0x50, 0x20, 0x11, 0xb0, 0x7,
    0xf8, 0x60, 0x3, 0x31, 0x80, 0x7f, 0xf2, 0x9,
    0xc0, 0x37, 0x80, 0x7f, 0xf0, 0x1c, 0x80, 0x37,
    0x0, 0x7f, 0xf2, 0x38, 0x3, 0x31, 0x80, 0x7f,
    0xf0, 0x78, 0x3, 0x13, 0x80, 0x7f, 0xf1, 0x98,
    0xc0, 0x21, 0x90, 0xf, 0xfe, 0x11, 0xb0, 0x6,
    0x81, 0x0, 0xff, 0xe2, 0xc, 0x0, 0x6b, 0x0,
    0xff, 0xe2, 0x40, 0x80, 0x6a, 0x0, 0xff, 0xe2,
    0x40, 0x80, 0x48, 0xa0, 0x1f, 0xfc, 0x41, 0x80,
    0xc, 0x8a, 0x1, 0xff, 0xc2, 0x36, 0x0, 0xd2,
    0x1, 0xff, 0xc6, 0x63, 0x0, 0xd6, 0x1, 0xff,
    0xc2, 0xe0, 0xd, 0x4, 0x1, 0xff, 0xc7, 0xe0,
    0xc, 0x30, 0x1, 0xff, 0xc0, 0x72, 0x0, 0x89,
    0xc0, 0x3f, 0xf9, 0x4, 0xe0, 0x19, 0xc8, 0x3,
    0xfc, 0x30, 0x1, 0xa4, 0x3, 0xff, 0x95, 0x2,
    0x1, 0xb8, 0x3, 0xfd, 0x40, 0x19, 0x50, 0x3,
    0xff, 0x97, 0x40, 0x18, 0xd8, 0x3, 0xf2, 0xa0,
    0x4, 0x36, 0x1, 0xff, 0xcc, 0x44, 0x0, 0x68,
    0x10, 0xf, 0xac, 0x3, 0x40, 0x80, 0x7f, 0xf3,
    0x68, 0x3, 0xc, 0x0, 0x7a, 0x4, 0x2, 0x36,
    0x0, 0xff, 0xe7, 0xc, 0x0, 0x66, 0x30, 0xc,
    0x4e, 0x1, 0xbc, 0x3, 0xff, 0xa0, 0xe4, 0x1,
    0xb8, 0x3, 0x70, 0x6, 0x63, 0x0, 0xff, 0xe8,
    0xf0, 0x6, 0x27, 0x0, 0x31, 0x80, 0x43, 0x20,
    0x1f, 0xfd, 0x23, 0x60, 0xd, 0x2, 0x28, 0x0,
    0xd6, 0x1, 0xff, 0xd4, 0x81, 0x0, 0xd5, 0x62,
    0x1, 0x22, 0x80, 0x7f, 0xf5, 0x6, 0x0, 0x32,
    0x28, 0x6, 0x90, 0xf, 0xfe, 0xb3, 0x18, 0x7,
    0xe8, 0x20, 0xf, 0xfe, 0xbf, 0x0, 0x7c, 0x4e,
    0x1, 0xff, 0xd8, 0x27, 0x0, 0xf4, 0x80, 0x7f,
    0xf6, 0xa0, 0x40, 0x32, 0xa0, 0x7, 0xff, 0x6c,
    0x80, 0x36, 0x80, 0x7f, 0xff, 0xc0, 0x3f, 0xff,
    0xe0, 0x1f, 0xff, 0xf0, 0xf, 0xff, 0xf8, 0x7,
    0xff, 0xfc, 0x3, 0xff, 0xfe, 0x1, 0xff, 0xff,
    0x0, 0xff, 0xff, 0x80, 0x7f, 0xff, 0xc0, 0x3f,
    0xff, 0xe0, 0x1e,

    /* U+005A "Z" */
    0x4f, 0xff, 0xfe, 0xdd, 0x80, 0x7f, 0xff, 0xc0,
    0x3f, 0xfc, 0xc2, 0xc, 0xdf, 0xfd, 0x52, 0x0,
    0xe1, 0xb0, 0x29, 0x9f, 0xfe, 0x9d, 0x90, 0x7,
    0x68, 0x80, 0x7f, 0xf5, 0x7c, 0x3, 0xa4, 0xc0,
    0x3f, 0xfa, 0xb6, 0x40, 0x19, 0x98, 0x1, 0xff,
    0xd5, 0x84, 0x0, 0xc7, 0x20, 0x1f, 0xfd, 0x54,
    0x70, 0xc, 0x3a, 0x1, 0xff, 0xd5, 0x2b, 0x0,
    0xed, 0x10, 0xf, 0xfe, 0xaf, 0x80, 0x74, 0x98,
    0x7, 0xff, 0x56, 0xc8, 0x3, 0x2b, 0x0, 0x7f,
    0xf5, 0x61, 0x0, 0x31, 0xd0, 0x7, 0xff, 0x55,
    0x1c, 0x3, 0xe, 0x80, 0x7f, 0xf5, 0x4a, 0xc0,
    0x3a, 0x84, 0x3, 0xff, 0xab, 0xe0, 0x1d, 0x8,
    0x1, 0xff, 0xd5, 0xb2, 0x0, 0xca, 0xe0, 0x1f,
    0xfd, 0x58, 0x40, 0xc, 0x54, 0x1, 0xff, 0xd5,
    0x47, 0x0, 0xc3, 0xe0, 0x1f, 0xfd, 0x52, 0xb0,
    0xe, 0xa2, 0x0, 0xff, 0xea, 0xf8, 0x7, 0x42,
    0x0, 0x7f, 0xf5, 0x6c, 0x80, 0x32, 0xb8, 0x7,
    0xff, 0x55, 0xd0, 0x3, 0x15, 0x0, 0x7f, 0xf5,
    0x52, 0x0, 0x30, 0xf8, 0x7, 0xff, 0x54, 0xac,
    0x3, 0xa8, 0x80, 0x3f, 0xfa, 0xbe, 0x1, 0xd0,
    0x80, 0x1f, 0xfd, 0x5b, 0x20, 0xc, 0xae, 0x1,
    0xff, 0xd5, 0x74, 0x0, 0xc5, 0x40, 0x1f, 0xfd,
    0x54, 0x80, 0xe, 0xf0, 0xf, 0xfe, 0xa9, 0x58,
    0x7, 0x59, 0x0, 0x7f, 0xf5, 0x7c, 0x3, 0xa1,
    0x0, 0x3f, 0xfa, 0xb6, 0x40, 0x19, 0x5c, 0x3,
    0xff, 0xaa, 0xe8, 0x1, 0x8a, 0x80, 0x3f, 0xfa,
    0xa9, 0x0, 0x1d, 0xe0, 0x1f, 0xfd, 0x52, 0xb0,
    0xe, 0xb2, 0x0, 0xff, 0xea, 0xf8, 0x7, 0x42,
    0x0, 0x7f, 0xf5, 0x68, 0x80, 0x32, 0x38, 0x7,
    0xff, 0x55, 0xd4, 0x3, 0x15, 0x80, 0x7f, 0xf5,
    0x52, 0x0, 0x3b, 0xc0, 0x3f, 0xfa, 0xa5, 0x60,
    0x1d, 0x64, 0x1, 0xff, 0xd5, 0xf0, 0xe, 0x74,
    0x0, 0xff, 0xea, 0xd1, 0x0, 0x64, 0x80, 0xf,
    0xfe, 0xab, 0xa8, 0x6, 0x2a, 0x0, 0xff, 0xea,
    0xa4, 0x0, 0x77, 0x88, 0x7, 0xff, 0x50, 0xac,
    0x3, 0x8a, 0xe6, 0x7f, 0xfa, 0x8b, 0x20, 0x1e,
    0x26, 0x6f, 0xfe, 0xae, 0x38, 0x7, 0xff, 0xfc,
    0x3, 0xff, 0xcc,

    /* U+005B "[" */
    0xcf, 0xff, 0xfe, 0x3, 0x0, 0x7f, 0xf8, 0xe3,
    0x33, 0xe7, 0x0, 0xe2, 0x33, 0xf8, 0x40, 0x3f,
    0xff, 0xe0, 0x1f, 0xff, 0xf0, 0xf, 0xff, 0xf8,
    0x7, 0xff, 0xfc, 0x3, 0xff, 0xfe, 0x1, 0xff,
    0xff, 0x0, 0xff, 0xff, 0x80, 0x7f, 0xff, 0xc0,
    0x3f, 0xff, 0xe0, 0x1f, 0xff, 0xf0, 0xf, 0xfe,
    0xd9, 0x19, 0xfc, 0x20, 0x1d, 0x19, 0x9f, 0x38,
    0x7, 0xff, 0x78,

    /* U+005C "\\" */
    0x38, 0x8c, 0x20, 0x1f, 0xfc, 0xb1, 0x77, 0xd2,
    0x1, 0xff, 0xcb, 0x22, 0x0, 0x4a, 0x1, 0xff,
    0xcc, 0xa0, 0x8, 0x8c, 0x3, 0xff, 0x96, 0xc0,
    0x1a, 0x80, 0x3f, 0xf9, 0x62, 0x60, 0x13, 0x80,
    0x7f, 0xf3, 0x28, 0x2, 0x14, 0x0, 0xff, 0xe5,
    0xb8, 0x6, 0xd0, 0xf, 0xfe, 0x58, 0xa0, 0x4,
    0xc0, 0x1f, 0xfc, 0xce, 0x0, 0xca, 0x1, 0xff,
    0xcb, 0x50, 0xd, 0xe0, 0x1f, 0xfc, 0xc5, 0x0,
    0x94, 0x3, 0xff, 0x99, 0xc0, 0x19, 0x80, 0x3f,
    0xf9, 0x68, 0x20, 0x16, 0x80, 0x7f, 0xf3, 0x1c,
    0x2, 0x41, 0x0, 0xff, 0xe5, 0xd0, 0x6, 0x60,
    0xf, 0xfe, 0x59, 0x88, 0x5, 0x60, 0x1f, 0xfc,
    0xc6, 0x0, 0x8c, 0x80, 0x3f, 0xf9, 0x74, 0x1,
    0x94, 0x3, 0xff, 0x96, 0x44, 0x0, 0xa8, 0x3,
    0xff, 0x99, 0x40, 0x11, 0x18, 0x7, 0xff, 0x2d,
    0x40, 0x35, 0x80, 0x7f, 0xf2, 0xc8, 0xc0, 0x26,
    0x0, 0xff, 0xe6, 0x50, 0x4, 0x28, 0x1, 0xff,
    0xcb, 0x70, 0xd, 0xa0, 0x1f, 0xfc, 0xb1, 0x40,
    0x9, 0xc0, 0x3f, 0xf9, 0x9c, 0x1, 0xa, 0x0,
    0x7f, 0xf2, 0xd4, 0x3, 0x70, 0x7, 0xff, 0x31,
    0x40, 0x25, 0x0, 0xff, 0xe6, 0x78, 0x6, 0x50,
    0xf, 0xfe, 0x5a, 0x88, 0x5, 0xc0, 0x1f, 0xfc,
    0xc7, 0x0, 0x90, 0x40, 0x3f, 0xf9, 0x7a, 0x1,
    0x9c, 0x3, 0xff, 0x96, 0x82, 0x1, 0x50, 0x7,
    0xff, 0x31, 0x80, 0x23, 0x20, 0xf, 0xfe, 0x5d,
    0x80, 0x65, 0x0, 0xff, 0xe5, 0x99, 0x0, 0x54,
    0x1, 0xff, 0xcc, 0xa0, 0x8, 0x88, 0x1, 0xff,
    0xcb, 0x50, 0xd, 0x40, 0x1f, 0xfc, 0xb2, 0x30,
    0x9, 0x80, 0x3f, 0xf9, 0x96, 0x1, 0x9, 0x80,
    0x7f, 0xf2, 0xd8, 0x3, 0x50, 0x7, 0xff, 0x2c,
    0x50, 0x2, 0x70, 0xf, 0xfe, 0x66, 0x80, 0x42,
    0x80, 0x1f, 0xfc, 0xb7, 0x0, 0xdc, 0x1, 0xff,
    0xcb, 0x15, 0x0, 0x94, 0x3, 0xff, 0x99, 0xe0,
    0x19, 0x40, 0x3f, 0xf9, 0x6a, 0x1, 0xb8, 0x3,
    0xff, 0x98, 0xa0, 0x12, 0x8, 0x7, 0xff, 0x2f,
    0x80, 0x33, 0x80, 0x7f, 0xf2, 0xd0, 0x40, 0x2a,
    0x0, 0xff, 0xe6, 0x38, 0x4, 0x62, 0x1, 0xff,
    0xcb, 0xa0, 0xc, 0xc0, 0x1f, 0xfc, 0xb3, 0x20,
    0xa, 0x80, 0x3f, 0xf9, 0x8a, 0x1, 0x11, 0x0,
    0x3f, 0xf9, 0x74, 0x1, 0xa8, 0x3, 0xff, 0x96,
    0x44, 0x0, 0x94, 0x3, 0xff, 0x99, 0x40, 0x11,
    0x18, 0x7, 0xff, 0x2d, 0x80, 0x35, 0x0, 0x7f,
    0xf2, 0xc4, 0xc0, 0x27, 0x0, 0xff, 0xe6, 0x50,
    0x4, 0x28, 0x1, 0xff, 0xcb, 0x70, 0xd, 0xc0,
    0x1f, 0xfc, 0xb1, 0x40, 0x9, 0x40, 0x3f, 0xf9,
    0x9c, 0x1, 0x94, 0x3, 0xff, 0x96, 0xa0, 0x1b,
    0x80, 0x3f, 0xf9, 0x8a, 0x1, 0x20, 0x80, 0x7f,
    0xf2, 0xf8, 0x3, 0x38, 0x7, 0xff, 0x2d, 0x4,
    0x2, 0xd0,

    /* U+005D "]" */
    0x7f, 0xff, 0xfe, 0x5, 0x80, 0x7f, 0xf7, 0x9b,
    0x33, 0xe7, 0x0, 0xe1, 0x33, 0xfb, 0x80, 0x3f,
    0xff, 0xe0, 0x1f, 0xff, 0xf0, 0xf, 0xff, 0xf8,
    0x7, 0xff, 0xfc, 0x3, 0xff, 0xfe, 0x1, 0xff,
    0xff, 0x0, 0xff, 0xff, 0x80, 0x7f, 0xff, 0xc0,
    0x3f, 0xff, 0xe0, 0x1f, 0xff, 0xf0, 0xf, 0xfe,
    0xd8, 0x99, 0xfd, 0xc0, 0x1c, 0xd9, 0x9f, 0x38,
    0x7, 0xff, 0x8c,

    /* U+005E "^" */
    0x0, 0xff, 0xe0, 0xa4, 0x46, 0x0, 0xff, 0xe7,
    0x4b, 0xbe, 0x60, 0xf, 0xfe, 0x62, 0x10, 0x6,
    0xb0, 0xf, 0xfe, 0x67, 0x80, 0x71, 0x18, 0x7,
    0xff, 0x28, 0x90, 0x3, 0xd2, 0x1, 0xff, 0xca,
    0xa0, 0xa, 0x44, 0x0, 0xa2, 0x1, 0xff, 0xc9,
    0x70, 0x0, 0xb4, 0x80, 0x52, 0x1, 0xff, 0xc8,
    0x60, 0x9, 0x81, 0x80, 0x26, 0x0, 0xff, 0xe4,
    0x58, 0x5, 0x40, 0x2a, 0x0, 0x15, 0x0, 0xff,
    0xe3, 0x21, 0x0, 0x10, 0x80, 0x12, 0x1, 0x48,
    0x7, 0xff, 0x1b, 0xc0, 0x2f, 0x0, 0x8c, 0x80,
    0x6, 0x60, 0xf, 0xfe, 0x21, 0x20, 0x0, 0x90,
    0x3, 0x58, 0x5, 0x20, 0x1f, 0xfc, 0x4a, 0x0,
    0xa8, 0x3, 0x98, 0x2, 0x51, 0x0, 0xff, 0xe1,
    0xb0, 0x4, 0xc0, 0x1e, 0x60, 0x9, 0x80, 0x3f,
    0xf8, 0x4c, 0x20, 0x5, 0x10, 0xf, 0x58, 0x5,
    0x20, 0x1f, 0xfc, 0x2b, 0x0, 0xa4, 0x3, 0xe2,
    0x30, 0x0, 0xa8, 0x7, 0xff, 0x1, 0x8, 0x0,
    0x66, 0x0, 0xfd, 0x20, 0x14, 0x80, 0x7f, 0xf0,
    0x3c, 0x2, 0xa0, 0xf, 0xe5, 0x10, 0x1, 0x98,
    0x3, 0xfc, 0x48, 0x1, 0x30, 0x7, 0xf9, 0x80,
    0x2a, 0x0, 0xff, 0x50, 0x4, 0xc0, 0x1f, 0xf4,
    0x80, 0x4c, 0x20, 0x1f, 0xcc, 0x1, 0x58, 0x7,
    0xfc, 0x28, 0x1, 0x30, 0x7, 0xe6, 0x10, 0x2,
    0x10, 0x7, 0xff, 0x3, 0xc0, 0x2a, 0x0, 0xfd,
    0x60, 0x17, 0x0, 0x7f, 0xf0, 0x50, 0x80, 0x4,
    0x80, 0x1e, 0x42, 0x0, 0xa, 0x80, 0x7f, 0xf0,
    0xa8, 0x2, 0xf0, 0xf, 0x70, 0x5, 0x20, 0x1f,
    0xfc, 0x36, 0x0, 0x90, 0x80, 0x31, 0x28, 0x4,
    0xc0, 0x1f, 0xfc, 0x31, 0x60, 0xa, 0xc0, 0x35,
    0x0, 0x4a, 0x20, 0x1f, 0xfc, 0x4a, 0x0, 0x98,
    0x3, 0x30, 0x5, 0xc0, 0x1f, 0xfc, 0x53, 0x30,
    0x4, 0xe0, 0x6, 0x10, 0x1, 0x20, 0x7, 0xff,
    0x1a, 0x80, 0x2a, 0x0, 0x58, 0x5, 0x60, 0x1f,
    0xfc, 0x76, 0x10, 0x1, 0x20,

    /* U+005F "_" */
    0x77, 0xff, 0xec, 0x44, 0x7f, 0xf6, 0x0, 0x3f,
    0xff, 0x80,

    /* U+0060 "`" */
    0x1b, 0xff, 0xed, 0x10, 0xf, 0xe1, 0xb8, 0x0,
    0xc5, 0xe4, 0x1, 0xfe, 0x7b, 0x10, 0x8, 0x70,
    0xc0, 0x3f, 0xc9, 0xe6, 0x1, 0xe, 0x20, 0x7,
    0xf8, 0x71, 0x80, 0x35, 0xa8, 0x7, 0xfd, 0x34,
    0x1, 0xa9, 0xc0, 0x3f, 0xe5, 0xd2, 0x0, 0xa2,
    0x0, 0x1f, 0xf1, 0x6a, 0x80, 0x4f, 0x40, 0x1f,
    0xfc, 0xa, 0x90, 0x9, 0x6c, 0x0,

    /* U+0061 "a" */
    0x0, 0xff, 0x13, 0x4d, 0xef, 0x7f, 0xdd, 0x94,
    0xe6, 0x1, 0xff, 0xc4, 0x28, 0xdd, 0x4b, 0x21,
    0x8, 0x4, 0x26, 0xb1, 0x9a, 0xe0, 0x1f, 0xfc,
    0x4, 0xcd, 0x72, 0x0, 0xff, 0xe1, 0x14, 0x72,
    0x80, 0x7e, 0x2b, 0xb1, 0x80, 0x7f, 0xf1, 0xc6,
    0xa0, 0x3, 0xcb, 0xa8, 0x1, 0xf0, 0xa3, 0x44,
    0x4e, 0xa6, 0x1, 0xf3, 0xc0, 0x7, 0x70, 0x7,
    0x8e, 0x7b, 0x97, 0x2e, 0xf4, 0x56, 0x74, 0x8,
    0x7, 0x3a, 0x80, 0x69, 0x0, 0xcb, 0xb8, 0xc2,
    0x1, 0xfc, 0x2f, 0xca, 0x1, 0xd6, 0x1, 0x89,
    0xc0, 0xf6, 0x88, 0x3, 0xff, 0x87, 0x4c, 0x1,
    0x85, 0x80, 0x34, 0x43, 0x8, 0x3, 0xff, 0x8d,
    0x24, 0x1, 0xac, 0x3, 0x9c, 0x3, 0xff, 0x93,
    0x0, 0x18, 0x84, 0x3, 0xff, 0x9c, 0xa2, 0x1,
    0x90, 0x3, 0xff, 0x9e, 0x80, 0x1b, 0x40, 0x3f,
    0xf9, 0xe4, 0x1, 0x84, 0x3, 0xff, 0x9f, 0xe0,
    0x18, 0xc0, 0x3f, 0xf9, 0xe2, 0x1, 0x84, 0x3,
    0xff, 0xbc, 0x4d, 0x15, 0x79, 0x9f, 0xfc, 0x18,
    0x0, 0xff, 0x86, 0x3b, 0x65, 0xd5, 0xc, 0xff,
    0xf8, 0x22, 0x1, 0xfe, 0x8e, 0x71, 0x0, 0xff,
    0xe7, 0x8e, 0x38, 0x7, 0xff, 0x4b, 0xc, 0x3,
    0x96, 0x73, 0xbf, 0xff, 0xf8, 0x32, 0x1, 0xf4,
    0x90, 0x6, 0x5e, 0xa6, 0x31, 0x0, 0xff, 0xe4,
    0x13, 0x0, 0x66, 0xa1, 0x0, 0xff, 0xe6, 0x50,
    0x6, 0x29, 0x0, 0xff, 0xe7, 0x20, 0x6, 0xb0,
    0xf, 0xfe, 0x79, 0x80, 0x64, 0x0, 0xff, 0xea,
    0x10, 0x7, 0xff, 0x23, 0x80, 0x3f, 0xfa, 0x8c,
    0x1, 0xff, 0x18, 0x7, 0xff, 0x1e, 0x4, 0x3,
    0xc6, 0x1, 0xac, 0x3, 0xff, 0x8c, 0x8e, 0x1,
    0xf5, 0x80, 0x67, 0x20, 0xf, 0xfe, 0x21, 0xd0,
    0x7, 0xe6, 0x0, 0xef, 0x10, 0xf, 0xfe, 0x12,
    0xe0, 0x80, 0x7e, 0x17, 0x0, 0xc5, 0xea, 0x1,
    0xff, 0x1d, 0xd0, 0x5, 0x0, 0x1f, 0x41, 0x80,
    0x61, 0xad, 0x84, 0x20, 0x8, 0x92, 0x33, 0x8,
    0x1, 0x42, 0x0, 0x7e, 0xc3, 0x0, 0xe2, 0x7b,
    0xdf, 0xfb, 0x6d, 0xcc, 0x3, 0x43, 0x80, 0x7f,
    0xb1, 0xc0, 0x3f, 0xf8, 0xa5, 0x6e, 0x1, 0xff,
    0xc0, 0x8d, 0x50, 0xf, 0xfe, 0x9, 0x4e, 0xa0,
    0x7, 0xff, 0x8, 0xab, 0xe9, 0x8c, 0x40, 0x21,
    0x24, 0x8c, 0xd6, 0x0, 0xff, 0x0,

    /* U+0062 "b" */
    0xef, 0xfc, 0x60, 0x1f, 0xff, 0xf0, 0xf, 0xff,
    0xf8, 0x7, 0xff, 0xfc, 0x3, 0xff, 0xfe, 0x1,
    0xff, 0xff, 0x0, 0xff, 0xff, 0x80, 0x7f, 0xff,
    0xc0, 0x3f, 0xff, 0xb, 0x39, 0xdf, 0xf7, 0x6d,
    0x39, 0x80, 0x7f, 0xf3, 0xa, 0x7e, 0x98, 0xc4,
    0x2, 0x12, 0x58, 0xce, 0x81, 0x0, 0xff, 0xe3,
    0x8d, 0x6b, 0x0, 0x7f, 0xf0, 0x45, 0xfa, 0x0,
    0x3f, 0xf8, 0xa9, 0xea, 0x1, 0xff, 0xc6, 0x7d,
    0x30, 0xf, 0xfe, 0x12, 0xd8, 0x80, 0x70, 0xab,
    0xc4, 0x4c, 0x60, 0x1f, 0x16, 0x28, 0x7, 0xff,
    0x1, 0x68, 0x3, 0x9f, 0x7a, 0xa1, 0xde, 0x9c,
    0xfa, 0x40, 0xf, 0x53, 0x0, 0x7f, 0x96, 0x80,
    0x33, 0x74, 0x10, 0x7, 0xf2, 0xdd, 0x88, 0x3,
    0xa5, 0x0, 0x3f, 0xa4, 0x2, 0x1b, 0x91, 0x0,
    0xff, 0xe0, 0xa6, 0xa8, 0x7, 0x59, 0x0, 0x7f,
    0xc3, 0x88, 0x1, 0xff, 0xc5, 0xa6, 0x0, 0xe9,
    0x0, 0xff, 0xb4, 0x80, 0x3f, 0xf8, 0xf2, 0x80,
    0x19, 0x10, 0x1, 0xfc, 0xe6, 0x1, 0xff, 0xc9,
    0xa1, 0x0, 0xd0, 0x1, 0xf8, 0x60, 0x3, 0xff,
    0x94, 0x30, 0x1, 0x8c, 0xc0, 0x1f, 0x40, 0x7,
    0xff, 0x31, 0x84, 0x3, 0x50, 0x7, 0xce, 0x1,
    0xff, 0xcd, 0x90, 0xc, 0x80, 0x1e, 0x41, 0x0,
    0xff, 0xe6, 0xa8, 0x6, 0x21, 0x0, 0xe3, 0x0,
    0xff, 0xe7, 0x10, 0x7, 0x10, 0x7, 0x68, 0x7,
    0xff, 0x3c, 0xc0, 0x33, 0x0, 0x73, 0x0, 0x7f,
    0xf3, 0xd8, 0x3, 0x10, 0x7, 0x8, 0x7, 0xff,
    0x3c, 0xc0, 0x3f, 0xc2, 0x1, 0xff, 0xcf, 0x30,
    0xf, 0xff, 0x2b, 0x0, 0x7f, 0xf3, 0xd8, 0x3,
    0x10, 0x7, 0x68, 0x7, 0xff, 0x3c, 0xc0, 0x33,
    0x0, 0x72, 0x0, 0x7f, 0xf3, 0x8c, 0x3, 0x8c,
    0x3, 0x8c, 0x40, 0x3f, 0xf9, 0xb6, 0x1, 0x88,
    0x3, 0xe6, 0x0, 0xff, 0xe6, 0xb0, 0x6, 0x50,
    0xf, 0xa4, 0x3, 0xff, 0x98, 0xe2, 0x1, 0xa8,
    0x3, 0xe1, 0x90, 0xf, 0xfe, 0x50, 0xc0, 0x6,
    0x42, 0x0, 0xfc, 0xca, 0x1, 0xff, 0xc9, 0xd0,
    0xe, 0xf0, 0xf, 0xf5, 0x18, 0x7, 0xff, 0x1e,
    0x8c, 0x3, 0x2a, 0x0, 0x7c, 0x40, 0x16, 0x28,
    0x7, 0xff, 0x10, 0x6d, 0x40, 0x30, 0xd8, 0x7,
    0xee, 0x0, 0xd5, 0x41, 0x0, 0xff, 0xe0, 0xaf,
    0xa0, 0x7, 0x68, 0x80, 0x7e, 0x3a, 0x0, 0xcb,
    0xd2, 0x60, 0x1f, 0x85, 0xb6, 0x84, 0x3, 0xa8,
    0xc0, 0x3f, 0xcb, 0x40, 0x1c, 0xd9, 0xf9, 0x31,
    0x9, 0xad, 0xe9, 0x20, 0xf, 0x52, 0x80, 0x7f,
    0xf0, 0x16, 0xc4, 0x3, 0xc6, 0xce, 0xe6, 0x52,
    0x0, 0xf8, 0xb5, 0x40, 0x3f, 0xf8, 0x49, 0xea,
    0x1, 0xff, 0xc6, 0x8d, 0x20, 0xf, 0xfe, 0x20,
    0xd6, 0xa8, 0x7, 0xff, 0x4, 0xa3, 0x9c, 0x3,
    0xff, 0x90, 0x55, 0xf4, 0xc6, 0x20, 0x10, 0x92,
    0xc6, 0x6b, 0x88, 0x7, 0xf8,

    /* U+0063 "c" */
    0x0, 0xff, 0xe0, 0x8b, 0x4e, 0x77, 0xfd, 0xdb,
    0x70, 0x80, 0x1f, 0xfc, 0x86, 0xce, 0x96, 0x31,
    0x0, 0x84, 0x91, 0xef, 0xe4, 0x80, 0x3f, 0xf8,
    0x6d, 0xd2, 0x60, 0x1f, 0xfc, 0x26, 0xda, 0x10,
    0xf, 0xf8, 0xb2, 0x44, 0x3, 0xff, 0x8c, 0xbe,
    0x80, 0x1f, 0xcb, 0xa6, 0x1, 0xf1, 0xb4, 0x44,
    0xea, 0x20, 0x1e, 0x1b, 0x50, 0xf, 0x9a, 0x80,
    0x3c, 0x95, 0xf9, 0x2e, 0xf4, 0x57, 0x63, 0x0,
    0x7a, 0x90, 0x3, 0x92, 0x40, 0x38, 0xb2, 0xd4,
    0x3, 0xf8, 0xe7, 0x94, 0x3, 0xa8, 0x40, 0x22,
    0xb0, 0xe, 0x6d, 0x30, 0xf, 0xfe, 0x8, 0xd4,
    0x80, 0x61, 0x40, 0xb, 0x80, 0x39, 0xe4, 0x3,
    0xff, 0x8a, 0xd4, 0x0, 0x2c, 0x50, 0x3, 0x18,
    0x6, 0x68, 0x0, 0xff, 0xe3, 0xac, 0x3e, 0x98,
    0x5, 0x0, 0x18, 0xa4, 0x3, 0xff, 0x92, 0xf0,
    0x1, 0x94, 0x40, 0x34, 0x80, 0x7f, 0xf4, 0x38,
    0x3, 0x1a, 0x0, 0x7f, 0xf4, 0x10, 0x3, 0x50,
    0x7, 0xff, 0x40, 0xc0, 0x39, 0xc0, 0x3f, 0xfa,
    0xa, 0x1, 0x88, 0x40, 0x3f, 0xfa, 0x1c, 0x1,
    0x9c, 0x3, 0xff, 0xa2, 0x40, 0x18, 0xc0, 0x3f,
    0xfa, 0xc2, 0x1, 0xff, 0xf9, 0x10, 0xf, 0xfe,
    0x89, 0x0, 0x63, 0x0, 0xff, 0xe8, 0xf0, 0x6,
    0x70, 0xf, 0xfe, 0x8a, 0x80, 0x62, 0x10, 0xf,
    0xfe, 0x81, 0x80, 0x73, 0x80, 0x7f, 0xf4, 0x54,
    0x3, 0x50, 0x7, 0xff, 0x47, 0x80, 0x31, 0xa8,
    0x7, 0xff, 0x41, 0x8, 0x3, 0x58, 0x7, 0xff,
    0x46, 0x0, 0x30, 0xd0, 0x7, 0xff, 0x26, 0x20,
    0x1, 0xca, 0x80, 0x19, 0x64, 0x3, 0xff, 0x8e,
    0xce, 0xed, 0x30, 0xd, 0x42, 0x1, 0x9a, 0x80,
    0x3f, 0xf8, 0xaf, 0x20, 0x2, 0xc5, 0x0, 0x87,
    0x40, 0x39, 0x79, 0x40, 0x3f, 0xf8, 0x25, 0x70,
    0x1, 0x85, 0x0, 0x31, 0xd8, 0x7, 0xd, 0x63,
    0x8, 0x7, 0xe4, 0xad, 0x40, 0xe, 0xa1, 0x0,
    0xe4, 0xb1, 0x0, 0xe3, 0x9e, 0xda, 0x98, 0x84,
    0xe7, 0xda, 0x80, 0x7a, 0x90, 0x3, 0xe4, 0xc3,
    0x0, 0xf8, 0x95, 0x9d, 0xcc, 0x60, 0x1f, 0xe,
    0x28, 0x7, 0xf1, 0x64, 0x88, 0x7, 0xff, 0x19,
    0xbc, 0xc0, 0x3f, 0xf8, 0xd, 0xd2, 0x60, 0x1f,
    0xfc, 0x11, 0x6d, 0x91, 0x0, 0xff, 0xe1, 0xb6,
    0x74, 0xb1, 0x88, 0x4, 0x24, 0x91, 0x9d, 0x24,
    0x1, 0xe0,

    /* U+0064 "d" */
    0x0, 0xff, 0xea, 0xb7, 0xfe, 0xb0, 0xf, 0xff,
    0xf8, 0x7, 0xff, 0xfc, 0x3, 0xff, 0xfe, 0x1,
    0xff, 0xff, 0x0, 0xff, 0xff, 0x80, 0x7f, 0xff,
    0xc0, 0x3f, 0xff, 0xe0, 0x1f, 0xfd, 0x64, 0x8b,
    0xde, 0xff, 0xb6, 0xe1, 0x0, 0x3f, 0xf9, 0x85,
    0x3d, 0x6e, 0x84, 0x20, 0x11, 0x23, 0xdf, 0x48,
    0x80, 0x7f, 0xf1, 0xc6, 0x75, 0x84, 0x3, 0xff,
    0x80, 0x2d, 0xd0, 0x1, 0xff, 0xc5, 0x5f, 0x60,
    0xf, 0xfe, 0x33, 0xe9, 0x0, 0x7f, 0xf0, 0xa2,
    0x84, 0x3, 0xe4, 0x68, 0x89, 0x90, 0x40, 0x38,
    0xb4, 0xc0, 0x3f, 0xf8, 0x12, 0xe0, 0x1e, 0x4b,
    0xfb, 0x97, 0x7a, 0x6f, 0xb1, 0x80, 0x3b, 0xc,
    0x3, 0xfc, 0xec, 0x1, 0xc7, 0x96, 0x80, 0x1f,
    0xc7, 0x3a, 0x80, 0x1b, 0x44, 0x3, 0xf2, 0x40,
    0x7, 0x36, 0x18, 0x7, 0xff, 0x4, 0xae, 0x40,
    0x21, 0x80, 0xf, 0xd4, 0x1, 0xd1, 0x20, 0x1f,
    0xfc, 0x56, 0xa0, 0xf, 0xf9, 0xc4, 0x3, 0x33,
    0x80, 0x7f, 0xf1, 0xd6, 0x40, 0x3f, 0xd0, 0x1,
    0x8a, 0x40, 0x3f, 0xf9, 0x2c, 0x80, 0x1f, 0x98,
    0x3, 0xa4, 0x3, 0xff, 0x97, 0x20, 0x1f, 0xa8,
    0x3, 0x1a, 0x0, 0x7f, 0xf2, 0xc9, 0x80, 0x3e,
    0x30, 0xd, 0x40, 0x1f, 0xfc, 0xda, 0x0, 0xf2,
    0x0, 0x73, 0x80, 0x7f, 0xf3, 0x4c, 0x40, 0x38,
    0x80, 0x31, 0x8, 0x7, 0xff, 0x39, 0x40, 0x3b,
    0x80, 0x33, 0x80, 0x7f, 0xf3, 0xcc, 0x3, 0x88,
    0x3, 0x18, 0x7, 0xff, 0x3f, 0x80, 0x3f, 0xc2,
    0x1, 0xff, 0xcf, 0x30, 0xf, 0xfe, 0xd1, 0x80,
    0x7f, 0x84, 0x3, 0xff, 0xaa, 0x40, 0x18, 0xc0,
    0x3f, 0xf9, 0xfc, 0x1, 0xdc, 0x1, 0x9c, 0x3,
    0xff, 0x9e, 0x60, 0x1c, 0xa0, 0x18, 0x84, 0x3,
    0xff, 0x9c, 0x80, 0x1c, 0x60, 0x1c, 0xe0, 0x1f,
    0xfc, 0xd4, 0x0, 0xf9, 0x0, 0x35, 0x80, 0x7f,
    0xf3, 0x78, 0x3, 0xee, 0x0, 0xc4, 0xa0, 0x1f,
    0xfc, 0xb2, 0x50, 0xf, 0x94, 0x40, 0x35, 0x80,
    0x7f, 0xf2, 0xf8, 0x3, 0xfa, 0x40, 0x30, 0xd0,
    0x7, 0xff, 0x25, 0xcc, 0x3, 0xf9, 0xc8, 0x3,
    0x2c, 0x80, 0x7f, 0xf1, 0xda, 0x0, 0x3f, 0xee,
    0x0, 0xe6, 0xa0, 0xf, 0xfe, 0x2c, 0x48, 0x4,
    0x60, 0x1f, 0x8e, 0x40, 0x39, 0x75, 0x0, 0x3f,
    0xf8, 0x27, 0x8e, 0x1, 0x14, 0x0, 0x7f, 0x33,
    0x80, 0x71, 0x5e, 0x28, 0x80, 0x7e, 0x5b, 0xc3,
    0x0, 0xde, 0xe0, 0x1f, 0xe8, 0x80, 0x7, 0x8e,
    0xbb, 0x2a, 0x22, 0xac, 0xfa, 0x40, 0xe, 0xc2,
    0x0, 0xff, 0xe0, 0x3d, 0x88, 0x7, 0xc6, 0xae,
    0xf2, 0x98, 0x7, 0x8b, 0x4c, 0x3, 0xff, 0x84,
    0x9e, 0xc0, 0x1f, 0xfc, 0x67, 0xd2, 0x0, 0xff,
    0xe2, 0xc, 0xeb, 0x88, 0x7, 0xff, 0x5, 0xb6,
    0x0, 0x3f, 0xf9, 0x5, 0x1d, 0x90, 0x84, 0x20,
    0x11, 0x23, 0xdf, 0xc9, 0x0, 0x7f, 0xc0,

    /* U+0065 "e" */
    0x0, 0xff, 0xe0, 0xa4, 0x5e, 0xff, 0xdd, 0xb4,
    0xe6, 0x1, 0xff, 0xcb, 0x29, 0xfb, 0x74, 0x20,
    0x8, 0x49, 0x63, 0x3a, 0x4, 0x3, 0xff, 0x8c,
    0x35, 0xac, 0x1, 0xff, 0xc1, 0x17, 0xe7, 0x0,
    0xff, 0xe2, 0x2f, 0xa8, 0x7, 0xff, 0x1a, 0x34,
    0x80, 0x3f, 0xf8, 0x2f, 0x42, 0x1, 0xe4, 0x78,
    0x99, 0x43, 0x18, 0x7, 0x8b, 0x50, 0x3, 0xfe,
    0x88, 0x0, 0x71, 0xd7, 0xdc, 0x3b, 0x31, 0xe7,
    0x3a, 0x4, 0x3, 0xad, 0x0, 0x3f, 0x99, 0xc0,
    0x30, 0xd6, 0x28, 0x7, 0xf0, 0xbf, 0x38, 0x7,
    0x59, 0x0, 0x7c, 0x72, 0x1, 0x8f, 0xd4, 0x3,
    0xff, 0x85, 0x16, 0x1, 0xde, 0x1, 0xf7, 0x0,
    0x63, 0xc1, 0x0, 0xff, 0xe2, 0x26, 0x0, 0x62,
    0x70, 0xe, 0x72, 0x0, 0x87, 0x40, 0x3f, 0xf8,
    0xe7, 0x40, 0x1a, 0x4, 0x3, 0x48, 0x6, 0xb1,
    0x0, 0xff, 0xe4, 0x2a, 0x80, 0x34, 0x80, 0x4a,
    0x20, 0x11, 0xa8, 0x7, 0xff, 0x2a, 0xc0, 0x33,
    0x0, 0x5c, 0x1, 0xa4, 0x3, 0xff, 0x96, 0x2a,
    0x1, 0xa, 0x0, 0x10, 0x3, 0x28, 0x7, 0xff,
    0x33, 0x80, 0x36, 0x1, 0x80, 0x64, 0x0, 0xff,
    0xe6, 0xa0, 0x6, 0x40, 0x50, 0xc, 0x60, 0x1f,
    0xfc, 0xe2, 0x0, 0x88, 0x38, 0x3, 0x24, 0xcf,
    0xff, 0x38, 0xc0, 0x21, 0x2, 0x0, 0xc6, 0xcd,
    0xff, 0xce, 0x10, 0xc, 0x40, 0x1f, 0xff, 0xf0,
    0xf, 0x57, 0xff, 0xff, 0x4c, 0x88, 0x1, 0x88,
    0x3, 0xff, 0xa9, 0xc0, 0x1b, 0x80, 0x3f, 0xfa,
    0x8a, 0x1, 0x90, 0x3, 0xff, 0xa8, 0x60, 0x18,
    0x88, 0x1, 0xff, 0xd4, 0x50, 0xd, 0x60, 0x1f,
    0xfd, 0x4e, 0x0, 0xcc, 0x40, 0x1f, 0xfd, 0x34,
    0x20, 0xd, 0x20, 0x1f, 0xfd, 0x48, 0x0, 0xc9,
    0x0, 0x1f, 0xfc, 0xa2, 0x10, 0xf, 0x95, 0x0,
    0x33, 0xb8, 0x3, 0xff, 0x90, 0x59, 0xa0, 0x1f,
    0xa8, 0x40, 0x34, 0x48, 0x7, 0xff, 0x19, 0x30,
    0x4e, 0x80, 0x3e, 0x1d, 0x0, 0xe6, 0xe5, 0x0,
    0xff, 0xe1, 0xc, 0xd8, 0x80, 0x16, 0x0, 0x3e,
    0x3b, 0x0, 0xe1, 0xad, 0x72, 0x0, 0xfe, 0x4a,
    0xe6, 0x0, 0xeb, 0x0, 0xfc, 0x96, 0x20, 0x1c,
    0x51, 0xbd, 0x73, 0x11, 0x56, 0x7d, 0xa8, 0x7,
    0xe, 0x18, 0x7, 0xf2, 0x7a, 0x0, 0x7c, 0x28,
    0xce, 0xf2, 0x98, 0x7, 0xc7, 0x86, 0x1, 0xff,
    0xd, 0xd1, 0x0, 0x7f, 0xf1, 0x86, 0x70, 0x80,
    0x3f, 0xf8, 0x4b, 0xb4, 0x80, 0x1f, 0xfc, 0x23,
    0x9e, 0x60, 0xf, 0xfe, 0x32, 0xdf, 0x53, 0x21,
    0x0, 0x61, 0x36, 0x9e, 0xc6, 0x0, 0xfe,

    /* U+0066 "f" */
    0x0, 0xff, 0xe0, 0x9c, 0x5f, 0x7f, 0xdb, 0x6e,
    0x40, 0x1f, 0xfc, 0x13, 0xcc, 0x3a, 0x8, 0x4,
    0x49, 0x1b, 0x42, 0x1, 0xfe, 0x7c, 0x30, 0xf,
    0xf9, 0x70, 0x3, 0xf9, 0xe0, 0x3, 0xff, 0x85,
    0x40, 0x1f, 0x8e, 0x0, 0x38, 0x9e, 0xae, 0xa1,
    0x40, 0x2, 0xe0, 0x1f, 0xbc, 0x3, 0xa7, 0x61,
    0x51, 0x5e, 0xbd, 0xe4, 0x3, 0xf1, 0x98, 0x3,
    0x53, 0x0, 0x7e, 0x87, 0x0, 0xfd, 0x60, 0x19,
    0x14, 0x3, 0xff, 0x8e, 0x80, 0x1b, 0x80, 0x3f,
    0xf9, 0x4, 0x1, 0x90, 0x3, 0xff, 0x90, 0x20,
    0x18, 0x40, 0x3f, 0xff, 0xe0, 0x1f, 0xfd, 0xec,
    0xff, 0xf0, 0x7, 0x7f, 0xff, 0xd4, 0x1, 0xff,
    0xff, 0x0, 0xee, 0xcc, 0xf0, 0x7, 0x5e, 0x67,
    0xfa, 0x0, 0x4, 0x67, 0xe0, 0xe, 0x53, 0x3f,
    0xf1, 0x0, 0x7f, 0xff, 0xc0, 0x3f, 0xff, 0xe0,
    0x1f, 0xff, 0xf0, 0xf, 0xff, 0xf8, 0x7, 0xff,
    0xfc, 0x3, 0xff, 0xfe, 0x1, 0xff, 0xff, 0x0,
    0xff, 0xff, 0x80, 0x7f, 0xff, 0xc0, 0x3f, 0xff,
    0xe0, 0x1f, 0xff, 0xf0, 0xf, 0xe0,

    /* U+0067 "g" */
    0x0, 0xff, 0xe0, 0x9b, 0xd6, 0xf7, 0xfd, 0xd9,
    0x2c, 0x20, 0x1f, 0xaf, 0xff, 0x18, 0x7, 0xf8,
    0xa7, 0xb2, 0x14, 0x84, 0x2, 0x13, 0x69, 0xec,
    0x50, 0xf, 0xfe, 0x40, 0xd6, 0xb0, 0x80, 0x7f,
    0xf0, 0x4e, 0xb5, 0x0, 0x3f, 0xf8, 0xad, 0xca,
    0x1, 0xff, 0xc6, 0x2b, 0x90, 0xf, 0xfe, 0x1d,
    0x48, 0x7, 0xe3, 0x68, 0x89, 0xd4, 0x80, 0x3c,
    0xd8, 0x1, 0xff, 0xc1, 0xb5, 0x0, 0xf2, 0x5f,
    0xe4, 0xbb, 0xd1, 0x5b, 0xd2, 0x40, 0x18, 0xf0,
    0x3, 0xfe, 0xa4, 0x0, 0xe3, 0xdb, 0x40, 0xf,
    0xe1, 0x6d, 0xa1, 0x0, 0x8e, 0x80, 0x3f, 0x99,
    0x40, 0x3a, 0x30, 0x80, 0x3f, 0xf8, 0x4b, 0xe8,
    0x1, 0x2a, 0x0, 0x7c, 0x32, 0x1, 0xd4, 0xe0,
    0x1f, 0xfc, 0x51, 0xb5, 0x0, 0xff, 0xac, 0x3,
    0xa5, 0x40, 0x3f, 0xf9, 0x14, 0x80, 0x1f, 0xc4,
    0xa0, 0x19, 0x58, 0x3, 0xff, 0x95, 0x42, 0x1,
    0xfa, 0x80, 0x3a, 0xc0, 0x3f, 0xf9, 0x63, 0x0,
    0x1f, 0x98, 0x3, 0x30, 0x80, 0x7f, 0xf3, 0x18,
    0x40, 0x3c, 0x42, 0x1, 0xa8, 0x3, 0xff, 0x9c,
    0xc0, 0x1e, 0x70, 0xc, 0x26, 0x1, 0xff, 0xce,
    0xb0, 0xf, 0x68, 0x6, 0x50, 0xf, 0xfe, 0x79,
    0x80, 0x78, 0x40, 0x31, 0x0, 0x7f, 0xf4, 0x4,
    0x3, 0x8c, 0x3, 0x8, 0x7, 0xff, 0x40, 0x80,
    0x3f, 0xff, 0xe0, 0x18, 0x40, 0x38, 0x80, 0x31,
    0x0, 0x7f, 0xf4, 0x8, 0x3, 0xb8, 0x3, 0x38,
    0x7, 0xff, 0x3c, 0x80, 0x3c, 0xa0, 0x18, 0x84,
    0x3, 0xff, 0x9c, 0x80, 0x1e, 0x30, 0xe, 0x60,
    0xf, 0xfe, 0x76, 0x80, 0x7c, 0xa0, 0x1a, 0x80,
    0x3f, 0xf9, 0xa4, 0x80, 0x1f, 0x70, 0x6, 0x26,
    0x0, 0xff, 0xe6, 0x48, 0x7, 0xe4, 0x20, 0xd,
    0x24, 0x1, 0xff, 0xca, 0x64, 0x0, 0xfe, 0x80,
    0xe, 0xf1, 0x0, 0xff, 0xe4, 0x24, 0x80, 0x7f,
    0x95, 0x0, 0x31, 0x60, 0x80, 0x7f, 0xf1, 0x92,
    0xc0, 0x3f, 0xf8, 0x14, 0x20, 0x18, 0xbd, 0x40,
    0x3f, 0xf8, 0x91, 0x60, 0x11, 0x0, 0x7f, 0xe,
    0x80, 0x70, 0xd5, 0xa0, 0x7, 0xff, 0x1, 0xb9,
    0xc0, 0x37, 0x88, 0x7, 0xf1, 0xe0, 0x80, 0x72,
    0x5e, 0xc2, 0x90, 0x4, 0x26, 0xd5, 0xf2, 0x20,
    0x1a, 0xc8, 0x3, 0xfe, 0x3c, 0x20, 0xf, 0x13,
    0xd6, 0xff, 0xdd, 0x92, 0xa0, 0x1c, 0x38, 0x80,
    0x1f, 0xfc, 0x12, 0xd7, 0x0, 0xff, 0xe4, 0x27,
    0x98, 0x7, 0xc2, 0x1, 0xfa, 0x35, 0x40, 0x3f,
    0xf8, 0x87, 0x76, 0x10, 0x8, 0x40, 0x3f, 0xf8,
    0x45, 0x5d, 0x8, 0x1, 0xfe, 0x26, 0xcc, 0x20,
    0x7, 0xf8, 0xc0, 0x3f, 0xe1, 0x7b, 0xfc, 0xa8,
    0x83, 0xc4, 0xdf, 0x6c, 0x98, 0x7, 0x84, 0x3,
    0x84, 0x3, 0xff, 0x86, 0x6a, 0xee, 0x87, 0x64,
    0x10, 0xf, 0xe2, 0x0, 0xc2, 0x1, 0xff, 0xd6,
    0x50, 0xc, 0x40, 0x1f, 0xfd, 0x6c, 0x0, 0xc8,
    0x1, 0xff, 0xd6, 0x50, 0xd, 0x80, 0x1f, 0xfd,
    0x56, 0x0, 0xe4, 0x0, 0xf2, 0x0, 0x7f, 0xf3,
    0x46, 0x0, 0x32, 0x80, 0x7a, 0x2e, 0x40, 0x3f,
    0xf9, 0x94, 0x20, 0x1a, 0x40, 0x38, 0xdc, 0x1b,
    0x54, 0x3, 0xff, 0x93, 0x48, 0x1, 0x94, 0xc0,
    0x3b, 0x80, 0x22, 0xad, 0x60, 0xf, 0xfe, 0x2a,
    0x6a, 0x80, 0x61, 0xb0, 0xe, 0x23, 0x0, 0xe2,
    0x9f, 0xa5, 0x20, 0xf, 0xf0, 0xb6, 0x59, 0x0,
    0x75, 0x8, 0x7, 0x17, 0xa0, 0x7, 0xcb, 0x5b,
    0xd9, 0x53, 0x11, 0x55, 0xf7, 0x24, 0xc0, 0x3d,
    0x48, 0x1, 0xf0, 0xdc, 0x88, 0x7, 0xe1, 0x35,
    0x67, 0x79, 0x50, 0x40, 0x3e, 0x1c, 0x50, 0xf,
    0xf3, 0x74, 0x90, 0x7, 0xff, 0x29, 0xf8, 0xc0,
    0x3f, 0xf8, 0x2d, 0xb8, 0xe4, 0x1, 0xff, 0xc4,
    0x28, 0xe8, 0x0, 0xff, 0xe2, 0x9c, 0x6f, 0x53,
    0xa9, 0x88, 0x6, 0x12, 0x46, 0x9d, 0xd3, 0x88,
    0x7, 0xf0,

    /* U+0068 "h" */
    0xef, 0xfc, 0x60, 0x1f, 0xff, 0xf0, 0xf, 0xff,
    0xf8, 0x7, 0xff, 0xfc, 0x3, 0xff, 0xfe, 0x1,
    0xff, 0xff, 0x0, 0xff, 0xff, 0x80, 0x7f, 0xff,
    0xc0, 0x3e, 0x37, 0xad, 0xef, 0xfb, 0xb2, 0x58,
    0x40, 0x3f, 0xf9, 0xf, 0xb9, 0xa, 0x42, 0x1,
    0x9, 0xb4, 0xf5, 0x98, 0x7, 0xff, 0x11, 0x7a,
    0x8, 0x3, 0xff, 0x82, 0x99, 0x42, 0x1, 0xff,
    0xc1, 0xaa, 0x8, 0x7, 0xff, 0x15, 0x7c, 0xc0,
    0x3f, 0xec, 0x50, 0xf, 0x12, 0x33, 0x48, 0x40,
    0x1f, 0xe, 0x18, 0x7, 0xe7, 0xc3, 0x0, 0xc9,
    0x5f, 0xb7, 0x33, 0x5e, 0xf4, 0x10, 0x7, 0xb4,
    0x40, 0x3e, 0x83, 0x0, 0x8f, 0x2d, 0x40, 0x3f,
    0xb, 0xec, 0x0, 0x70, 0xd8, 0x7, 0xc6, 0x1,
    0x3e, 0x18, 0x7, 0xff, 0x5, 0xec, 0x3, 0x94,
    0xc0, 0x3f, 0x9e, 0x0, 0x3f, 0xf8, 0x89, 0x20,
    0x1d, 0x20, 0x1f, 0x92, 0x0, 0x3f, 0xf8, 0xcc,
    0x80, 0x19, 0x40, 0x3f, 0x50, 0x7, 0xff, 0x22,
    0x0, 0x39, 0x40, 0x3c, 0xe2, 0x1, 0xff, 0xc8,
    0x32, 0x0, 0xda, 0x1, 0xea, 0x0, 0xff, 0xe5,
    0x20, 0x6, 0x30, 0xe, 0x22, 0x0, 0x7f, 0xf2,
    0xbc, 0x3, 0x30, 0x7, 0x20, 0x7, 0xff, 0x2c,
    0x80, 0x31, 0x80, 0x77, 0x80, 0x7f, 0xf2, 0xd8,
    0x3, 0x8, 0x7, 0x10, 0x7, 0xff, 0xe5, 0xc0,
    0x3f, 0xff, 0xe0, 0x1f, 0xff, 0xf0, 0xf, 0xff,
    0xf8, 0x7, 0xff, 0xfc, 0x3, 0xff, 0xfe, 0x1,
    0xff, 0xff, 0x0, 0xff, 0xff, 0x80, 0x7f, 0xff,
    0xc0, 0x3f, 0xff, 0xe0, 0x1f, 0xfc, 0x70,

    /* U+0069 "i" */
    0x0, 0x2e, 0x7f, 0x48, 0x4, 0xb4, 0x60, 0x2d,
    0x80, 0x8, 0x0, 0xe3, 0x40, 0x20, 0xf, 0x18,
    0x8, 0x7, 0x88, 0x24, 0x3, 0x85, 0x41, 0xdc,
    0x1, 0x16, 0x0, 0x51, 0xd9, 0xba, 0x20, 0xc,
    0x26, 0x40, 0x1f, 0xfe, 0xfe, 0xff, 0xc6, 0x1,
    0xff, 0xff, 0x0, 0xff, 0xff, 0x80, 0x7f, 0xff,
    0xc0, 0x3f, 0xff, 0xe0, 0x1f, 0xfd, 0x60,

    /* U+006A "j" */
    0x0, 0xff, 0xe1, 0xd, 0x7f, 0xac, 0xc0, 0x3f,
    0xf8, 0x43, 0xea, 0x0, 0x4c, 0x30, 0xf, 0xfe,
    0xb, 0x8, 0x7, 0x48, 0x7, 0xff, 0x7, 0x40,
    0x3c, 0xe0, 0x1f, 0xfc, 0x12, 0x0, 0xf3, 0x0,
    0x7f, 0xf0, 0x68, 0x3, 0xde, 0x1, 0xff, 0xc1,
    0x2b, 0x10, 0xa, 0x50, 0x3, 0xff, 0x84, 0x9d,
    0xb9, 0xec, 0x1, 0xff, 0xc5, 0x23, 0x0, 0xff,
    0xff, 0x80, 0x7f, 0xfe, 0x23, 0xff, 0x48, 0x7,
    0xff, 0xfc, 0x3, 0xff, 0xfe, 0x1, 0xff, 0xff,
    0x0, 0xff, 0xff, 0x80, 0x7f, 0xff, 0xc0, 0x3f,
    0xff, 0xe0, 0x1f, 0xff, 0xf0, 0xf, 0xff, 0xf8,
    0x7, 0xff, 0xfc, 0x3, 0xff, 0xfe, 0x1, 0xff,
    0xff, 0x0, 0xff, 0xeb, 0x88, 0x7, 0xff, 0xc,
    0x80, 0x37, 0x80, 0x7f, 0xf0, 0xd0, 0x3, 0x10,
    0x7, 0xff, 0x9, 0x4, 0x3, 0x20, 0x4, 0x20,
    0x1f, 0xe9, 0x0, 0xc6, 0x20, 0x1, 0xe8, 0x10,
    0xf, 0x16, 0x10, 0x6, 0x90, 0xa, 0x41, 0xfa,
    0xe1, 0x98, 0xf7, 0xa6, 0x1, 0x8d, 0x40, 0x27,
    0x0, 0x91, 0xe6, 0x50, 0x80, 0x1c, 0x3c, 0x1,
    0x20, 0x7, 0xff, 0x8, 0x74, 0x80, 0x24, 0xb3,
    0x0, 0xff, 0x97, 0xcc, 0x3, 0x93, 0x30, 0xe8,
    0x40, 0x10, 0xa4, 0x6d, 0x8, 0x7, 0x0,

    /* U+006B "k" */
    0xef, 0xfc, 0x60, 0x1f, 0xff, 0xf0, 0xf, 0xff,
    0xf8, 0x7, 0xff, 0xfc, 0x3, 0xff, 0xfe, 0x1,
    0xff, 0xff, 0x0, 0xff, 0xff, 0x80, 0x7f, 0xff,
    0xc0, 0x3f, 0xfb, 0x15, 0xff, 0xd2, 0x1, 0xff,
    0xd0, 0xb5, 0x0, 0xcf, 0x20, 0x1f, 0xfc, 0xe1,
    0xc4, 0x0, 0xcf, 0x0, 0x1f, 0xfc, 0xe2, 0xc3,
    0x0, 0xd1, 0x0, 0xf, 0xfe, 0x71, 0x61, 0x0,
    0x68, 0x70, 0xf, 0xfe, 0x71, 0xe0, 0x80, 0x69,
    0x70, 0xf, 0xfe, 0x72, 0x60, 0x80, 0x6a, 0x60,
    0xf, 0xfe, 0x72, 0xd8, 0x7, 0x52, 0x80, 0x7f,
    0xf3, 0x9e, 0x80, 0x3a, 0xd4, 0x3, 0xff, 0x9d,
    0x10, 0x0, 0xeb, 0x40, 0xf, 0xfe, 0x74, 0xb8,
    0x7, 0x5a, 0x0, 0x7f, 0xf3, 0xa9, 0x80, 0x3b,
    0x10, 0x3, 0xff, 0x9d, 0x8a, 0x1, 0x87, 0xc,
    0x3, 0xff, 0x9a, 0x38, 0x60, 0x18, 0x70, 0xc0,
    0x3f, 0xf9, 0xa5, 0x86, 0x1, 0x87, 0x8, 0x3,
    0xff, 0x9a, 0x58, 0x40, 0x1d, 0xa4, 0x1, 0xff,
    0xcd, 0x3d, 0x10, 0xf, 0x40, 0x7, 0xff, 0x35,
    0x30, 0x3, 0xf2, 0x40, 0x7, 0xff, 0x2d, 0xac,
    0x3, 0xfc, 0xea, 0x1, 0xff, 0xc9, 0x79, 0x0,
    0xe8, 0xa0, 0xe, 0xa2, 0x0, 0xff, 0xe3, 0xc4,
    0x0, 0x3a, 0x5d, 0x5c, 0x3, 0xbc, 0x3, 0xff,
    0x8e, 0x80, 0x1d, 0x4c, 0x0, 0x84, 0x0, 0xc5,
    0x40, 0x1f, 0xfc, 0xbb, 0x50, 0xd, 0x44, 0x1,
    0x95, 0xc0, 0x3f, 0xf9, 0x38, 0x80, 0x1c, 0x3e,
    0x1, 0xd0, 0x80, 0x1f, 0xfc, 0x61, 0xd3, 0x0,
    0xf8, 0xa8, 0x3, 0xa8, 0x40, 0x3f, 0xf8, 0x85,
    0x84, 0x1, 0xfc, 0xae, 0x1, 0x87, 0x40, 0x3f,
    0xf8, 0x65, 0x84, 0x1, 0xff, 0x42, 0x0, 0x63,
    0xa0, 0xf, 0xfe, 0x14, 0x88, 0x7, 0xff, 0x6,
    0x88, 0x3, 0x2b, 0x0, 0x7f, 0xf0, 0x5c, 0x3,
    0xff, 0x84, 0x3c, 0x1, 0xd2, 0x60, 0x1f, 0xfd,
    0x3, 0xa0, 0xe, 0xd1, 0x0, 0xff, 0xe8, 0x2b,
    0x80, 0x61, 0xd0, 0xf, 0xfe, 0x8c, 0x20, 0x6,
    0x39, 0x0, 0xff, 0xe8, 0xd0, 0x80, 0x66, 0x50,
    0xf, 0xfe, 0x80, 0xe8, 0x7, 0x51, 0x80, 0x7f,
    0xf4, 0xe, 0x80, 0x3b, 0x84, 0x3, 0xff, 0xa0,
    0xac, 0x1, 0x8a, 0x80, 0x3f, 0xfa, 0x32, 0x80,
    0x19, 0x20, 0x3, 0xff, 0xa3, 0x42, 0x1, 0x9d,
    0x40,

    /* U+006C "l" */
    0xef, 0xfc, 0x60, 0x1f, 0xff, 0xf0, 0xf, 0xff,
    0xf8, 0x7, 0xff, 0xfc, 0x3, 0xff, 0xfe, 0x1,
    0xff, 0xc0,

    /* U+006D "m" */
    0xef, 0xfc, 0x1, 0xf9, 0x22, 0xf7, 0xfe, 0xed,
    0xa7, 0x20, 0xf, 0xfe, 0x21, 0x3d, 0x6f, 0x7f,
    0xdd, 0x92, 0xa2, 0x1, 0xff, 0xc7, 0x18, 0xeb,
    0x74, 0x20, 0x8, 0x49, 0x63, 0x71, 0x40, 0x3f,
    0xf8, 0xd, 0xba, 0x85, 0x21, 0x0, 0x84, 0xda,
    0xba, 0x88, 0x3, 0xff, 0x88, 0xfc, 0xe2, 0x1,
    0xff, 0xc0, 0x3a, 0xc2, 0x0, 0xfc, 0xbd, 0x24,
    0x1, 0xff, 0xc1, 0x5d, 0x90, 0xf, 0xfe, 0x8,
    0xe4, 0x0, 0x7f, 0xf1, 0x4f, 0x50, 0x3, 0xd5,
    0x41, 0x0, 0xff, 0xe2, 0xb6, 0x88, 0x7, 0xf8,
    0x70, 0xc0, 0x3c, 0x6a, 0xcc, 0x53, 0x0, 0xfd,
    0x68, 0x1, 0xb1, 0x40, 0x3c, 0x28, 0xcd, 0x21,
    0x0, 0x7c, 0x58, 0x20, 0x1f, 0x87, 0x48, 0x3,
    0x36, 0x7e, 0x54, 0xca, 0xb3, 0xe8, 0xc0, 0x3d,
    0x64, 0x0, 0xc3, 0x0, 0xc5, 0x1b, 0xd7, 0x33,
    0x5e, 0xf4, 0x8, 0x7, 0x15, 0x0, 0x7e, 0x83,
    0x0, 0x97, 0xa4, 0xc0, 0x3f, 0x2e, 0x48, 0x7,
    0xa4, 0x24, 0xc0, 0x34, 0x6b, 0x90, 0x7, 0xc2,
    0xfc, 0xc0, 0x1c, 0x8a, 0x1, 0xf3, 0x0, 0x53,
    0x42, 0x1, 0xff, 0xc0, 0x6c, 0x0, 0xe4, 0x86,
    0x0, 0x87, 0x1c, 0x3, 0xff, 0x83, 0x30, 0x1,
    0xd6, 0x1, 0xfe, 0x96, 0x0, 0xff, 0xe1, 0x9d,
    0x0, 0x73, 0x80, 0x6c, 0x30, 0xf, 0xfe, 0x1b,
    0xa8, 0x6, 0x15, 0x0, 0xfc, 0xcc, 0x0, 0xff,
    0xe2, 0xaa, 0x0, 0x7e, 0xa2, 0x0, 0xff, 0xe2,
    0xd8, 0x7, 0x70, 0x7, 0xc3, 0x0, 0x1f, 0xfc,
    0x78, 0x0, 0xf9, 0x14, 0x3, 0xff, 0x8c, 0x2e,
    0x1, 0x90, 0x3, 0xe9, 0x10, 0xf, 0xfe, 0x39,
    0x90, 0x7, 0xa0, 0x3, 0xff, 0x91, 0x40, 0x1c,
    0x60, 0x1e, 0x60, 0xf, 0xfe, 0x4a, 0x0, 0x71,
    0x18, 0x7, 0xff, 0x20, 0x84, 0x3, 0x28, 0x7,
    0x18, 0x80, 0x7f, 0xf2, 0x7c, 0x3, 0x94, 0x3,
    0xff, 0x94, 0xa0, 0x18, 0x40, 0x39, 0x40, 0x3f,
    0xf9, 0x44, 0x1, 0xd8, 0x1, 0xff, 0xca, 0x20,
    0xd, 0xc0, 0x1d, 0xe0, 0x1f, 0xfc, 0xa6, 0x0,
    0xe6, 0x0, 0xff, 0xe5, 0x8, 0x7, 0xf8, 0x80,
    0x3f, 0xfa, 0x4, 0x1, 0xff, 0xca, 0xf0, 0xc,
    0x60, 0x1f, 0xff, 0x87, 0x0, 0xff, 0xff, 0x80,
    0x7f, 0xff, 0xc0, 0x3f, 0xff, 0xe0, 0x1f, 0xff,
    0xf0, 0xf, 0xff, 0xf8, 0x7, 0xff, 0xfc, 0x3,
    0xff, 0xfe, 0x1, 0xff, 0xff, 0x0, 0xff, 0xff,
    0x80, 0x7f, 0xff, 0xc0, 0x3f, 0xff, 0xe0, 0x1f,
    0xff, 0xf0, 0xf, 0xff, 0xf8, 0x7, 0xff, 0xfc,
    0x3, 0xff, 0xfe, 0x1, 0xff, 0xff, 0x0, 0xff,
    0xf5, 0x0,

    /* U+006E "n" */
    0xef, 0xfc, 0x1, 0xf8, 0xde, 0xb7, 0xbf, 0xee,
    0xc9, 0x61, 0x0, 0xff, 0xe4, 0x3e, 0xe4, 0x29,
    0x8, 0x4, 0x26, 0xd3, 0xd6, 0x60, 0x1f, 0xfc,
    0x45, 0xe8, 0x20, 0xf, 0xfe, 0xa, 0x65, 0x8,
    0x7, 0xff, 0x6, 0xa8, 0x20, 0x1f, 0xfc, 0x55,
    0xf3, 0x0, 0xff, 0xb1, 0x40, 0x3c, 0x48, 0xcd,
    0x21, 0x0, 0x7c, 0x38, 0x60, 0x1f, 0xd8, 0x60,
    0x19, 0x2b, 0xf6, 0xe6, 0x6b, 0xde, 0x82, 0x0,
    0xf6, 0x88, 0x7, 0xd0, 0x60, 0x11, 0xe5, 0xa8,
    0x7, 0xe1, 0x7d, 0x80, 0xe, 0x1b, 0x0, 0xf9,
    0xc0, 0x27, 0xc3, 0x0, 0xff, 0xe0, 0xbd, 0x80,
    0x72, 0x98, 0x7, 0xf3, 0xc0, 0x7, 0xff, 0x11,
    0x24, 0x3, 0xa4, 0x3, 0xf2, 0x40, 0x7, 0xff,
    0x19, 0x90, 0x3, 0x28, 0x7, 0xea, 0x0, 0xff,
    0xe4, 0x40, 0x7, 0x28, 0x7, 0x9c, 0x40, 0x3f,
    0xf9, 0x6, 0x40, 0x1b, 0x40, 0x3d, 0x40, 0x1f,
    0xfc, 0xa4, 0x0, 0xc6, 0x1, 0xc4, 0x40, 0xf,
    0xfe, 0x57, 0x80, 0x66, 0x0, 0xe4, 0x0, 0xff,
    0xe5, 0x90, 0x6, 0x30, 0xe, 0xf0, 0xf, 0xfe,
    0x5b, 0x0, 0x61, 0x0, 0xe2, 0x0, 0xff, 0xfc,
    0xb8, 0x7, 0xff, 0xfc, 0x3, 0xff, 0xfe, 0x1,
    0xff, 0xff, 0x0, 0xff, 0xff, 0x80, 0x7f, 0xff,
    0xc0, 0x3f, 0xff, 0xe0, 0x1f, 0xff, 0xf0, 0xf,
    0xff, 0xf8, 0x7, 0xff, 0xfc, 0x3, 0xff, 0x8e,

    /* U+006F "o" */
    0x0, 0xff, 0xe0, 0x93, 0x56, 0x77, 0xfd, 0xdb,
    0x4e, 0x60, 0x1f, 0xfc, 0xb1, 0x7d, 0xd4, 0xa9,
    0x88, 0x4, 0x24, 0xb1, 0x9d, 0x2, 0x1, 0xff,
    0xc7, 0x7e, 0x82, 0x0, 0xff, 0xe0, 0x8b, 0xf4,
    0x88, 0x7, 0xff, 0xc, 0xf6, 0x0, 0x3f, 0xf8,
    0xed, 0xe8, 0x1, 0xff, 0xc1, 0x5c, 0x20, 0xf,
    0x91, 0xa2, 0x27, 0x41, 0x0, 0xf0, 0xdc, 0x0,
    0x7f, 0xcd, 0x40, 0x1e, 0x4b, 0xfb, 0x97, 0x7a,
    0x2f, 0xb1, 0x80, 0x3c, 0xf2, 0x1, 0xfc, 0xb2,
    0x1, 0xc7, 0x96, 0x80, 0x1f, 0xc7, 0x3c, 0xa0,
    0x1c, 0xd0, 0x1, 0xf1, 0x50, 0x7, 0x36, 0x18,
    0x7, 0xff, 0x4, 0x6a, 0x40, 0x39, 0xd0, 0x3,
    0xdc, 0x1, 0xd1, 0x20, 0x1f, 0xfc, 0x56, 0xb0,
    0xe, 0xa1, 0x0, 0xcc, 0x60, 0x19, 0x9c, 0x3,
    0xff, 0x8e, 0x92, 0x1, 0x86, 0x40, 0x34, 0x0,
    0x62, 0x90, 0xf, 0xfe, 0x4b, 0x20, 0x6, 0x71,
    0x0, 0x28, 0x80, 0x69, 0x0, 0xff, 0xe5, 0xc8,
    0x7, 0x30, 0x3, 0x80, 0x31, 0xa0, 0x7, 0xff,
    0x2c, 0x98, 0x3, 0x50, 0x1, 0x0, 0x35, 0x0,
    0x7f, 0xf3, 0x68, 0x3, 0x11, 0xc, 0x3, 0x9c,
    0x3, 0xff, 0x9a, 0x62, 0x1, 0x91, 0x40, 0x31,
    0x8, 0x7, 0xff, 0x39, 0x40, 0x37, 0x70, 0x3,
    0x38, 0x7, 0xff, 0x3c, 0xc0, 0x31, 0x90, 0x6,
    0x30, 0xf, 0xfe, 0x7f, 0x0, 0x67, 0x0, 0xe1,
    0x0, 0xff, 0xe7, 0x98, 0x6, 0x10, 0xf, 0xfe,
    0xa9, 0x80, 0x7f, 0x84, 0x3, 0xff, 0xa8, 0x24,
    0x1, 0x8c, 0x3, 0xff, 0x9f, 0xc0, 0x19, 0xb8,
    0x3, 0x38, 0x7, 0xff, 0x3c, 0xc0, 0x31, 0x28,
    0x6, 0x21, 0x0, 0xff, 0xe7, 0x20, 0x6, 0xd3,
    0x0, 0xe7, 0x0, 0xff, 0xe6, 0xa0, 0x7, 0x20,
    0x28, 0x6, 0xb0, 0xf, 0xfe, 0x6f, 0x0, 0x62,
    0x10, 0xe0, 0xc, 0x4a, 0x1, 0xff, 0xcb, 0x25,
    0x0, 0xd4, 0x0, 0x42, 0x0, 0xd6, 0x1, 0xff,
    0xcb, 0xe0, 0xe, 0x60, 0xa, 0x0, 0x30, 0xd0,
    0x7, 0xff, 0x25, 0xcc, 0x3, 0x38, 0x80, 0x4a,
    0x80, 0x19, 0x64, 0x3, 0xff, 0x8e, 0xd0, 0x1,
    0x8a, 0x0, 0x3a, 0x84, 0x3, 0x35, 0x0, 0x7f,
    0xf1, 0x5e, 0x40, 0x3b, 0x80, 0x3c, 0x34, 0x1,
    0xcb, 0xa8, 0x1, 0xff, 0xc1, 0x2c, 0x80, 0xe,
    0x93, 0x0, 0xf9, 0x28, 0x3, 0x8a, 0xf1, 0x44,
    0x3, 0xf2, 0x56, 0x98, 0x7, 0x3b, 0x0, 0x7f,
    0x2d, 0x80, 0x78, 0xeb, 0xb2, 0xa2, 0x2a, 0xcf,
    0xb5, 0x0, 0xf4, 0xc0, 0x7, 0xfc, 0x9a, 0x60,
    0x1f, 0x1a, 0xbb, 0xca, 0x60, 0x1f, 0xe, 0x30,
    0x7, 0xff, 0x4, 0xb2, 0x44, 0x3, 0xff, 0x8c,
    0xfc, 0x60, 0x1f, 0xfc, 0x46, 0xe9, 0x20, 0xf,
    0xfe, 0x9, 0x47, 0x40, 0x7, 0xff, 0x21, 0xb7,
    0x52, 0xa6, 0x20, 0x10, 0x9a, 0xc6, 0x6b, 0x88,
    0x7, 0xf8,

    /* U+0070 "p" */
    0xef, 0xfc, 0x1, 0xfc, 0xb3, 0x9d, 0xff, 0x76,
    0xd3, 0x98, 0x7, 0xff, 0x30, 0xeb, 0xe9, 0x8c,
    0x40, 0x21, 0x25, 0x8c, 0xe8, 0x10, 0xf, 0xfe,
    0x38, 0xd6, 0x28, 0x7, 0xff, 0x4, 0x5f, 0xa0,
    0x3, 0xff, 0x8a, 0xbe, 0xa0, 0x1f, 0xfc, 0x67,
    0xd3, 0x0, 0xff, 0xe1, 0x35, 0x8, 0x7, 0xa,
    0x3c, 0x44, 0xc6, 0x1, 0xf1, 0x62, 0x80, 0x7f,
    0xf0, 0x1a, 0x40, 0x39, 0xb7, 0xae, 0x1d, 0xe9,
    0xcf, 0xa3, 0x0, 0xf5, 0x30, 0x7, 0xf8, 0xe4,
    0x3, 0x2f, 0x49, 0x0, 0x7f, 0x2e, 0x58, 0x80,
    0x74, 0xa0, 0x7, 0xf6, 0x80, 0x6a, 0xa0, 0x80,
    0x7f, 0xf0, 0x53, 0xd0, 0x3, 0xac, 0x40, 0x3f,
    0x8, 0x5, 0x8a, 0x1, 0xff, 0xc4, 0x1b, 0x50,
    0xe, 0xa0, 0xf, 0xfa, 0xcc, 0x3, 0xff, 0x8f,
    0x46, 0x1, 0x91, 0x0, 0x1f, 0xce, 0x80, 0x1f,
    0xfc, 0x9d, 0x0, 0xe8, 0x0, 0xfc, 0x30, 0x1,
    0xff, 0xca, 0x19, 0x0, 0xc6, 0x60, 0xf, 0xa4,
    0x3, 0xff, 0x98, 0xc2, 0x1, 0xac, 0x3, 0xe6,
    0x0, 0xff, 0xe6, 0xb0, 0x6, 0x50, 0xf, 0x20,
    0x80, 0x7f, 0xf3, 0x6c, 0x3, 0x10, 0x80, 0x71,
    0x80, 0x7f, 0xf3, 0x8c, 0x3, 0x88, 0x3, 0xb4,
    0x3, 0xff, 0x9e, 0x60, 0x19, 0x80, 0x39, 0x80,
    0x3f, 0xf9, 0xec, 0x1, 0x88, 0x3, 0x84, 0x3,
    0xff, 0xb4, 0x20, 0x1f, 0xff, 0xf0, 0x3, 0x0,
    0x7f, 0xf3, 0xd8, 0x3, 0x10, 0x7, 0x68, 0x7,
    0xff, 0x3c, 0xc0, 0x33, 0x0, 0x72, 0x0, 0x7f,
    0xf3, 0x8c, 0x3, 0x88, 0x3, 0x8c, 0x40, 0x3f,
    0xf9, 0xb6, 0x1, 0x88, 0x40, 0x3c, 0xc0, 0x1f,
    0xfc, 0xd6, 0x0, 0xca, 0x1, 0xf4, 0x80, 0x7f,
    0xf3, 0x1c, 0x40, 0x35, 0x80, 0x7c, 0x32, 0x1,
    0xff, 0xca, 0x18, 0x0, 0xc6, 0x60, 0xf, 0xcc,
    0xa0, 0x1f, 0xfc, 0x9d, 0x0, 0xe8, 0x0, 0xff,
    0x51, 0x80, 0x7f, 0xf1, 0xe8, 0xc0, 0x32, 0x20,
    0x3, 0xe1, 0x0, 0xb1, 0x40, 0x3f, 0xf8, 0x83,
    0x6a, 0x1, 0x86, 0x80, 0x3f, 0x58, 0x6, 0xaa,
    0x8, 0x7, 0xff, 0x5, 0x7d, 0x0, 0x3a, 0x84,
    0x3, 0xf3, 0x58, 0x6, 0x5e, 0x93, 0x0, 0xfc,
    0x2d, 0xb4, 0x20, 0x1d, 0x48, 0x1, 0xfe, 0x4b,
    0x0, 0xe6, 0xcf, 0xc9, 0x88, 0x4d, 0x6f, 0x49,
    0x0, 0x7a, 0x94, 0x3, 0xff, 0x80, 0x98, 0x20,
    0x1e, 0x36, 0x77, 0x32, 0x90, 0x7, 0xc5, 0xaa,
    0x1, 0xff, 0xc2, 0x3f, 0x60, 0xf, 0xfe, 0x34,
    0x69, 0x0, 0x7f, 0xf1, 0x6, 0x75, 0x80, 0x3f,
    0xf8, 0x25, 0x1c, 0xe0, 0x1f, 0xfc, 0x82, 0x9f,
    0xb7, 0x41, 0x0, 0x84, 0x96, 0x33, 0x5c, 0x40,
    0x3f, 0xf9, 0x89, 0x17, 0xdf, 0xf7, 0x6d, 0x39,
    0x80, 0x7f, 0xff, 0xc0, 0x3f, 0xff, 0xe0, 0x1f,
    0xff, 0xf0, 0xf, 0xff, 0xf8, 0x7, 0xff, 0xfc,
    0x3, 0xff, 0xfe, 0x1, 0xff, 0xfa,

    /* U+0071 "q" */
    0x0, 0xff, 0xe0, 0xa4, 0x5e, 0xf7, 0xfd, 0xb7,
    0x8, 0x1, 0xf8, 0xff, 0xf5, 0x80, 0x7f, 0x8a,
    0x7a, 0xdd, 0x8, 0x40, 0x22, 0x47, 0xbf, 0x92,
    0x0, 0xff, 0xe3, 0x8c, 0xeb, 0x8, 0x7, 0xff,
    0x5, 0xb6, 0x40, 0x3f, 0xf8, 0xab, 0xec, 0x1,
    0xff, 0xc6, 0x6e, 0x30, 0xf, 0xfe, 0x14, 0x50,
    0x80, 0x7c, 0x8d, 0x11, 0x32, 0x8, 0x7, 0xe,
    0x20, 0x7, 0xff, 0x2, 0x5c, 0x3, 0xc9, 0x7f,
    0x72, 0xef, 0x4d, 0xf5, 0xa8, 0x7, 0x59, 0x80,
    0x7f, 0x9d, 0x80, 0x38, 0xb2, 0xd0, 0x3, 0xf9,
    0x2b, 0x50, 0x3, 0x6b, 0x80, 0x7e, 0x48, 0x0,
    0xe5, 0xd3, 0x0, 0xff, 0xe0, 0x95, 0xc0, 0x4,
    0x32, 0x1, 0xfa, 0x40, 0x39, 0xe8, 0x3, 0xff,
    0x8a, 0xf2, 0x1, 0x10, 0x7, 0xce, 0x40, 0x19,
    0x60, 0x3, 0xff, 0x8e, 0xd0, 0x1, 0xfe, 0x90,
    0xc, 0x54, 0x1, 0xff, 0xc9, 0x74, 0x0, 0xfc,
    0xc2, 0x1, 0xa0, 0x3, 0xff, 0x97, 0x20, 0x1f,
    0xb4, 0x3, 0x1a, 0x80, 0x7f, 0xf2, 0xc9, 0x40,
    0x3e, 0x40, 0xd, 0x40, 0x1f, 0xfc, 0xd9, 0x0,
    0xf2, 0x0, 0x73, 0x80, 0x7f, 0xf3, 0x4c, 0x40,
    0x38, 0x80, 0x31, 0x8, 0x7, 0xff, 0x39, 0x40,
    0x3b, 0x80, 0x33, 0x80, 0x7f, 0xf3, 0xcc, 0x3,
    0x88, 0x3, 0x18, 0x7, 0xff, 0x3f, 0x80, 0x3f,
    0xc2, 0x1, 0xff, 0xff, 0x0, 0x8, 0x7, 0xff,
    0x54, 0x80, 0x31, 0x80, 0x7f, 0xf3, 0xf8, 0x3,
    0xb8, 0x3, 0x38, 0x7, 0xff, 0x3c, 0xc0, 0x39,
    0x40, 0x31, 0x8, 0x7, 0xff, 0x39, 0x0, 0x38,
    0xc0, 0x39, 0xc0, 0x3f, 0xf9, 0xa8, 0x1, 0xf2,
    0x0, 0x6b, 0x0, 0xff, 0xe6, 0xf0, 0x7, 0xdc,
    0x1, 0x89, 0x40, 0x3f, 0xf9, 0x64, 0xa0, 0x1f,
    0x28, 0x80, 0x6b, 0x0, 0xff, 0xe5, 0xf0, 0x7,
    0xf4, 0x80, 0x61, 0xa0, 0xf, 0xfe, 0x4b, 0x98,
    0x7, 0xf3, 0x90, 0x6, 0x59, 0x0, 0xff, 0xe3,
    0xb4, 0x0, 0x7f, 0xdc, 0x1, 0xcd, 0x40, 0x1f,
    0xfc, 0x58, 0x90, 0x8, 0x40, 0x3f, 0x1c, 0x80,
    0x72, 0xea, 0x0, 0x7f, 0xf0, 0x4f, 0x1c, 0x2,
    0x29, 0x0, 0xfe, 0x67, 0x0, 0xe2, 0xbc, 0x51,
    0x0, 0xfc, 0xb7, 0x86, 0x1, 0xf, 0x88, 0x7,
    0xfa, 0x20, 0x1, 0xe3, 0xae, 0xca, 0x88, 0xab,
    0x3e, 0x90, 0x3, 0xe, 0x90, 0x7, 0xff, 0x1,
    0xec, 0x40, 0x3e, 0x35, 0x77, 0x94, 0xc0, 0x3c,
    0x78, 0x60, 0x1f, 0xfc, 0x24, 0xf6, 0x0, 0xff,
    0xe3, 0x3e, 0x10, 0x7, 0xff, 0x10, 0x67, 0x5c,
    0x40, 0x3f, 0xf8, 0x2, 0xfd, 0x0, 0x1f, 0xfc,
    0x82, 0x8e, 0xc8, 0x42, 0x10, 0x8, 0x91, 0xef,
    0xa0, 0x40, 0x3f, 0xf9, 0x86, 0xf7, 0xbd, 0xff,
    0x6d, 0xc2, 0x0, 0x7f, 0xff, 0xc0, 0x3f, 0xff,
    0xe0, 0x1f, 0xff, 0xf0, 0xf, 0xff, 0xf8, 0x7,
    0xff, 0xfc, 0x3, 0xff, 0xfe, 0x1, 0xff, 0xfb,

    /* U+0072 "r" */
    0xef, 0xfc, 0x1, 0xf9, 0x22, 0xf7, 0xfc, 0x40,
    0x1f, 0xe2, 0x9f, 0xb7, 0x42, 0x0, 0xff, 0xe0,
    0x46, 0xb0, 0x7, 0xff, 0xc, 0x71, 0xc0, 0x3f,
    0xf8, 0x83, 0x86, 0x1, 0xf8, 0x44, 0x1, 0xf5,
    0x10, 0x6, 0x27, 0xbe, 0xfe, 0xe1, 0x0, 0x73,
    0x20, 0x4, 0x55, 0xb0, 0x82, 0x1, 0xfd, 0x0,
    0x12, 0xea, 0x80, 0x7f, 0xf0, 0x44, 0x0, 0xb4,
    0x1, 0xff, 0xc5, 0x3a, 0x0, 0xff, 0xe3, 0x70,
    0x7, 0xff, 0x19, 0x48, 0x3, 0xff, 0x8d, 0x20,
    0x1f, 0xfc, 0x61, 0x30, 0xf, 0xfe, 0x32, 0x0,
    0x7f, 0xf1, 0xf4, 0x3, 0xff, 0x8e, 0x40, 0x1f,
    0xfc, 0x71, 0x0, 0xff, 0xe3, 0xb8, 0x7, 0xff,
    0xfc, 0x3, 0xff, 0xfe, 0x1, 0xff, 0xff, 0x0,
    0xff, 0xff, 0x80, 0x7f, 0xff, 0xc0, 0x3f, 0xf8,
    0xe0,

    /* U+0073 "s" */
    0x0, 0xff, 0xb, 0x4e, 0x77, 0xfe, 0xec, 0xa7,
    0x40, 0xf, 0xfe, 0x22, 0xe7, 0x4b, 0x18, 0x80,
    0x61, 0x35, 0x8b, 0xfc, 0x71, 0x0, 0xff, 0x26,
    0xd1, 0x80, 0x7f, 0xf0, 0xce, 0x3a, 0x88, 0x3,
    0xe7, 0xb2, 0x0, 0xff, 0xe4, 0x2e, 0xa8, 0x7,
    0x3c, 0x0, 0x78, 0x55, 0xe2, 0x66, 0x75, 0x30,
    0xf, 0xc8, 0x1, 0x8e, 0x0, 0x39, 0x73, 0xaa,
    0x1d, 0x9a, 0x8a, 0xcf, 0xb6, 0x0, 0xce, 0x20,
    0x1b, 0xc0, 0x3a, 0xe8, 0xc0, 0x3f, 0xe4, 0x9f,
    0x81, 0x14, 0x0, 0x63, 0x30, 0x6, 0xb4, 0x0,
    0xff, 0xe2, 0x3f, 0xd0, 0x7, 0x58, 0x6, 0x44,
    0x0, 0x7f, 0xf1, 0x85, 0x0, 0x38, 0xc0, 0x36,
    0x80, 0x7f, 0xf3, 0x9c, 0x3, 0x10, 0x7, 0xff,
    0x39, 0xc0, 0x30, 0x80, 0x7f, 0xf3, 0x84, 0x3,
    0x78, 0x7, 0xff, 0x3b, 0x0, 0x32, 0xa0, 0x7,
    0xff, 0x35, 0xc0, 0x3a, 0xdc, 0x3, 0xff, 0x98,
    0x2c, 0x1, 0xd1, 0xae, 0x40, 0x1f, 0xfc, 0xa9,
    0x30, 0xe, 0x28, 0xdd, 0x4b, 0x18, 0x7, 0xff,
    0x1f, 0x10, 0x3, 0xe2, 0x69, 0xcf, 0xdb, 0x74,
    0x0, 0xff, 0xe1, 0xdc, 0x88, 0x7, 0xf8, 0x92,
    0x2f, 0xf1, 0xc8, 0x3, 0xff, 0x80, 0xdd, 0x26,
    0x1, 0xff, 0xc1, 0x38, 0xdb, 0x30, 0xf, 0xfe,
    0x3, 0x67, 0x53, 0x18, 0x7, 0xff, 0x1, 0x32,
    0x40, 0x3f, 0xf8, 0x22, 0xb3, 0x9f, 0xb7, 0xa,
    0x40, 0x1f, 0x9b, 0x0, 0x3f, 0xf8, 0xa4, 0x8f,
    0x5b, 0xd4, 0xc0, 0x1e, 0x39, 0x0, 0xff, 0xe4,
    0x8a, 0xcf, 0xb8, 0x7, 0x31, 0x0, 0x7f, 0xf3,
    0x22, 0xc0, 0x3a, 0x80, 0x3f, 0xf9, 0xa8, 0xc0,
    0x19, 0x0, 0x3f, 0xf9, 0xda, 0x1, 0x84, 0x3,
    0xff, 0x9c, 0xe0, 0x18, 0xc0, 0x3f, 0xf9, 0xce,
    0x1, 0x8c, 0x2, 0x50, 0xf, 0xfe, 0x56, 0x80,
    0x67, 0x0, 0x3d, 0x61, 0x80, 0x7f, 0xf1, 0xcd,
    0x80, 0x36, 0x0, 0xc0, 0x1e, 0x5a, 0x0, 0x7f,
    0xf1, 0xf, 0x40, 0x39, 0x82, 0xc0, 0x32, 0x5f,
    0x42, 0x0, 0x7f, 0xc7, 0x38, 0x20, 0x1a, 0x40,
    0xc, 0x1, 0xe1, 0x7b, 0xfc, 0xa8, 0x77, 0xa2,
    0x6f, 0xb1, 0x80, 0x39, 0x58, 0x1, 0x90, 0x1,
    0xfc, 0x6a, 0xf1, 0x13, 0xb2, 0x8, 0x7, 0x9a,
    0x80, 0x33, 0xf3, 0x88, 0x7, 0xff, 0x20, 0xae,
    0x40, 0x3c, 0x31, 0xd4, 0xa0, 0x1f, 0xfc, 0x43,
    0x9d, 0x40, 0xf, 0xf2, 0xd7, 0xe4, 0x29, 0x88,
    0x6, 0x12, 0x47, 0xae, 0xc6, 0x0, 0xf0,

    /* U+0074 "t" */
    0x0, 0xfa, 0x23, 0x80, 0x3f, 0xf9, 0x4e, 0xfc,
    0x20, 0x1f, 0xff, 0xf0, 0xf, 0xff, 0xf8, 0x7,
    0xff, 0xa7, 0x3f, 0xfc, 0x1, 0xdd, 0xff, 0xfe,
    0xa0, 0xf, 0xff, 0xf8, 0x7, 0xf7, 0x66, 0x78,
    0x3, 0xaf, 0x33, 0xfd, 0x0, 0x11, 0x19, 0xf8,
    0x3, 0x94, 0xcf, 0xfc, 0x40, 0x1f, 0xff, 0xf0,
    0xf, 0xff, 0xf8, 0x7, 0xff, 0xfc, 0x3, 0xff,
    0xfe, 0x1, 0xff, 0xff, 0x0, 0xff, 0xff, 0x80,
    0x7f, 0xff, 0xc0, 0x3f, 0xfd, 0xa6, 0x1, 0xff,
    0xce, 0x60, 0xf, 0xfe, 0x49, 0x0, 0x6c, 0x0,
    0xff, 0xe4, 0xa0, 0x6, 0x60, 0xf, 0xfe, 0x4e,
    0x0, 0x61, 0x80, 0xf, 0xf0, 0x80, 0x7f, 0x28,
    0x80, 0x67, 0x90, 0xf, 0x8a, 0xec, 0x1, 0xfe,
    0x80, 0xe, 0x6f, 0xa7, 0x66, 0x46, 0x6a, 0x29,
    0x0, 0x7f, 0x32, 0x80, 0x79, 0x62, 0x64, 0xe6,
    0x1, 0x40, 0x7, 0xfa, 0x94, 0x3, 0xff, 0x84,
    0xc0, 0x1f, 0xf5, 0x48, 0x80, 0x7f, 0x86, 0x30,
    0x3, 0xff, 0x80, 0xdd, 0x4c, 0x62, 0x0, 0x13,
    0x6a, 0xe7, 0x0, 0x0,

    /* U+0075 "u" */
    0x3f, 0xfd, 0xc0, 0x1f, 0xfc, 0xcd, 0xff, 0xc8,
    0x1, 0xff, 0xff, 0x0, 0xff, 0xff, 0x80, 0x7f,
    0xff, 0xc0, 0x3f, 0xff, 0xe0, 0x1f, 0xff, 0xf0,
    0xf, 0xff, 0xf8, 0x7, 0xff, 0xfc, 0x3, 0xff,
    0xfe, 0x1, 0xff, 0xff, 0x0, 0xff, 0xed, 0x98,
    0x7, 0xff, 0xec, 0x40, 0x38, 0x40, 0x30, 0x80,
    0x7f, 0xf2, 0xcc, 0x3, 0xc6, 0x1, 0xc4, 0x1,
    0xff, 0xca, 0x40, 0xf, 0x8, 0x7, 0x38, 0x7,
    0xff, 0x2b, 0x0, 0x3e, 0x30, 0xd, 0x80, 0x1f,
    0xfc, 0x92, 0x40, 0xf, 0x94, 0x3, 0x30, 0x7,
    0xff, 0x26, 0x0, 0x3f, 0x68, 0x7, 0x38, 0x7,
    0xff, 0x1d, 0x14, 0x3, 0xf2, 0x10, 0x6, 0x82,
    0x0, 0xff, 0xe2, 0x8d, 0x0, 0x7f, 0xac, 0x3,
    0xb0, 0x80, 0x3f, 0xf8, 0x65, 0x82, 0x1, 0xfe,
    0x62, 0x0, 0xc3, 0x8a, 0x1, 0xff, 0xc1, 0x6d,
    0x20, 0x1, 0x28, 0x7, 0xef, 0x0, 0xe1, 0xac,
    0x51, 0x0, 0xf8, 0x9f, 0x64, 0x3, 0x70, 0x7,
    0xf1, 0x50, 0x7, 0x8e, 0xbb, 0x6e, 0x65, 0x57,
    0xdb, 0x4, 0x1, 0xac, 0xc0, 0x3f, 0xcb, 0x60,
    0x1f, 0x89, 0x19, 0x8a, 0x82, 0x1, 0xc3, 0x68,
    0x1, 0xff, 0xc0, 0x4d, 0x40, 0xf, 0xfe, 0x2a,
    0x7a, 0x0, 0x7f, 0xf0, 0x8a, 0xec, 0x80, 0x1f,
    0xfc, 0x14, 0xbb, 0x8, 0x7, 0xff, 0x15, 0x2f,
    0xa5, 0x8c, 0x40, 0x21, 0x35, 0x9e, 0xb4, 0x0,
    0xff, 0x80,

    /* U+0076 "v" */
    0xbf, 0xfd, 0x20, 0x1f, 0xfc, 0xf5, 0xff, 0xd7,
    0xe0, 0x19, 0x84, 0x3, 0xff, 0x9d, 0x20, 0x1b,
    0xd0, 0x80, 0x33, 0x0, 0x7f, 0xf3, 0x4c, 0xc0,
    0x11, 0x20, 0x58, 0x6, 0x90, 0xf, 0xfe, 0x6c,
    0x80, 0x6b, 0x0, 0x30, 0x80, 0x42, 0xa0, 0x1f,
    0xfc, 0xb1, 0x50, 0x8, 0x58, 0x2, 0x90, 0xd,
    0x20, 0x1f, 0xfc, 0xb9, 0x0, 0xcc, 0x1, 0x98,
    0x3, 0x19, 0x80, 0x3f, 0xf9, 0x4c, 0x1, 0xa4,
    0x3, 0xb, 0x0, 0x68, 0x0, 0xff, 0xe4, 0xb0,
    0x80, 0x4a, 0x20, 0x1d, 0x60, 0x19, 0x8, 0x3,
    0xff, 0x91, 0x60, 0x1a, 0x40, 0x3c, 0x48, 0x1,
    0xa8, 0x3, 0xff, 0x8e, 0x84, 0x1, 0x21, 0x80,
    0x7d, 0xe0, 0x19, 0xc0, 0x3f, 0xf8, 0xfe, 0x1,
    0xbc, 0x3, 0xf2, 0x10, 0x6, 0x60, 0xf, 0xfe,
    0x29, 0xa0, 0x4, 0x48, 0x1, 0xfd, 0x60, 0x1a,
    0xc0, 0x3f, 0xf8, 0xb2, 0x1, 0xac, 0x3, 0xfc,
    0xc2, 0x1, 0x12, 0x0, 0x7f, 0xf0, 0xc5, 0x40,
    0x21, 0x60, 0xf, 0xf9, 0x80, 0x37, 0x80, 0x7f,
    0xf0, 0xe4, 0x3, 0x30, 0x7, 0xff, 0x2, 0x40,
    0x32, 0x10, 0x7, 0xff, 0x9, 0x80, 0x34, 0x80,
    0x7f, 0xf0, 0x5, 0x40, 0x35, 0x80, 0x7f, 0xf0,
    0x58, 0x40, 0x25, 0x10, 0xf, 0xfe, 0xc, 0x80,
    0x66, 0x10, 0xf, 0xfe, 0x5, 0x80, 0x69, 0x0,
    0xff, 0xe1, 0x19, 0x80, 0x33, 0x0, 0x7f, 0xc8,
    0x40, 0x11, 0x98, 0x3, 0xff, 0x87, 0x20, 0x1a,
    0x40, 0x3f, 0xef, 0x0, 0xd0, 0x1, 0xff, 0xc4,
    0x52, 0x0, 0x85, 0x40, 0x3f, 0x89, 0x0, 0x22,
    0x40, 0xf, 0xfe, 0x2d, 0x0, 0x69, 0x0, 0xfe,
    0x80, 0xd, 0x60, 0x1f, 0xfc, 0x67, 0x0, 0xc6,
    0x60, 0xf, 0x85, 0x40, 0x21, 0x60, 0xf, 0xfe,
    0x3b, 0x80, 0x69, 0x0, 0xfa, 0x40, 0x33, 0x0,
    0x7f, 0xf2, 0x28, 0x3, 0x29, 0x0, 0x79, 0x80,
    0x34, 0x80, 0x7f, 0xf2, 0x9, 0x40, 0x35, 0x0,
    0x73, 0x8, 0x4, 0xa2, 0x1, 0xff, 0xc9, 0x90,
    0xc, 0xe0, 0x1d, 0x60, 0x1a, 0x40, 0x3f, 0xf9,
    0x46, 0x60, 0xc, 0xc0, 0x12, 0x10, 0x4, 0x66,
    0x0, 0xff, 0xe5, 0xc8, 0x6, 0xb0, 0xb, 0xc0,
    0x34, 0x80, 0x7f, 0xf3, 0x14, 0x40, 0x22, 0x40,
    0x24, 0x0, 0x89, 0x40, 0x3f, 0xf9, 0xb2, 0x1,
    0xbc, 0x2c, 0x3, 0x50, 0x7, 0xff, 0x39, 0x80,
    0x32, 0x21, 0x80, 0x33, 0x80, 0x7f, 0xf3, 0x85,
    0x80, 0x35, 0x80, 0x67, 0x0, 0xff, 0xe8, 0x58,
    0x7, 0xf4, 0x80, 0x7f, 0xf4, 0x9, 0x0, 0x3e,
    0x51, 0x0, 0xff, 0xe8, 0xf8, 0x7, 0xd2, 0x1,
    0xff, 0xd2, 0x42, 0x0, 0xe3, 0x30, 0x7, 0xff,
    0x4e, 0xc0, 0x3a, 0x40, 0x3f, 0xf8, 0x80,

    /* U+0077 "w" */
    0x3f, 0xfd, 0x40, 0x1f, 0xfc, 0xba, 0xff, 0xc2,
    0x1, 0xff, 0xca, 0x2f, 0xfd, 0x6, 0x40, 0x12,
    0x80, 0x7f, 0xf2, 0x85, 0x40, 0x33, 0x0, 0x7f,
    0xf2, 0xa8, 0x3, 0x50, 0x50, 0x6, 0x60, 0xf,
    0xfe, 0x4b, 0x80, 0x75, 0x0, 0x7f, 0xf2, 0x98,
    0x2, 0x32, 0x6, 0x0, 0xd4, 0x1, 0xff, 0xc9,
    0xb0, 0xe, 0x23, 0x0, 0xff, 0xe4, 0x20, 0x80,
    0x54, 0x0, 0x14, 0x0, 0x8c, 0x80, 0x3f, 0xf8,
    0xe6, 0x40, 0x1e, 0xa0, 0xf, 0xfe, 0x47, 0x0,
    0x66, 0x0, 0xb8, 0x3, 0x28, 0x7, 0xff, 0x1e,
    0x80, 0x3e, 0x60, 0xf, 0xfe, 0x38, 0xa8, 0x4,
    0xa0, 0x19, 0x40, 0x35, 0x0, 0x7f, 0xf1, 0xdc,
    0x3, 0xf2, 0x80, 0x7f, 0xf1, 0x9c, 0x3, 0x70,
    0x7, 0x30, 0x4, 0x46, 0x1, 0xff, 0xc5, 0x51,
    0x0, 0xa0, 0x3, 0x70, 0x7, 0xff, 0x1a, 0x80,
    0x21, 0x40, 0xe, 0xa0, 0xd, 0x40, 0x1f, 0xfc,
    0x5e, 0x0, 0xce, 0x80, 0x12, 0x8, 0x7, 0xff,
    0x10, 0x8c, 0x2, 0x60, 0xf, 0x19, 0x0, 0x4c,
    0x1, 0xff, 0xc4, 0x14, 0x0, 0x98, 0x38, 0x3,
    0x30, 0x7, 0xff, 0x12, 0x80, 0x35, 0x0, 0x7d,
    0x40, 0x19, 0x40, 0x3f, 0xf8, 0x6c, 0x1, 0xa8,
    0x14, 0x40, 0x2a, 0x0, 0xff, 0xe2, 0x30, 0x4,
    0x64, 0x1, 0xf3, 0x0, 0x6e, 0x0, 0xff, 0xe1,
    0xd0, 0x4, 0x46, 0x0, 0x70, 0x8, 0x8c, 0x3,
    0xff, 0x84, 0x82, 0x1, 0x50, 0x7, 0xe1, 0x40,
    0x9, 0x4, 0x3, 0xff, 0x82, 0x64, 0x1, 0x50,
    0x5, 0x40, 0x1a, 0x80, 0x3f, 0xf8, 0x5c, 0x1,
    0x98, 0x3, 0xfb, 0x80, 0x33, 0x0, 0x7f, 0xf0,
    0x68, 0x3, 0x30, 0x4, 0x66, 0x0, 0x9c, 0x3,
    0xff, 0x84, 0xa0, 0x12, 0x80, 0x7f, 0x94, 0x3,
    0x58, 0x7, 0xff, 0x5, 0xc0, 0x24, 0x10, 0xd,
    0x40, 0x10, 0xa8, 0x7, 0xff, 0x1, 0x80, 0x37,
    0x0, 0x7f, 0xcc, 0x1, 0x19, 0x0, 0x7f, 0xca,
    0x20, 0x17, 0x80, 0x73, 0x80, 0x6e, 0x0, 0xff,
    0xe0, 0x50, 0x4, 0x48, 0x1, 0xff, 0x50, 0x6,
    0xa0, 0xf, 0xfb, 0x80, 0x21, 0x40, 0xe, 0x15,
    0x0, 0x90, 0x40, 0x3f, 0xc4, 0x60, 0x12, 0x80,
    0x7f, 0xf0, 0xc, 0x80, 0x26, 0x0, 0xff, 0xa,
    0x0, 0x4c, 0x1, 0xf7, 0x0, 0x66, 0x0, 0xff,
    0x50, 0x6, 0xa0, 0xf, 0xfe, 0xd, 0x0, 0x42,
    0x80, 0x1f, 0xcc, 0x1, 0xa8, 0x3, 0xe4, 0x10,
    0xa, 0x80, 0x3f, 0xcc, 0x1, 0x21, 0x0, 0x7f,
    0xf0, 0x58, 0x3, 0x70, 0x7, 0xf5, 0x0, 0x46,
    0x40, 0x1f, 0x98, 0x2, 0x23, 0x0, 0xfc, 0x82,
    0x1, 0x70, 0x7, 0xff, 0x8, 0x50, 0x2, 0x50,
    0xf, 0xc6, 0x40, 0x15, 0x0, 0x7f, 0x50, 0x6,
    0xa0, 0xf, 0xdc, 0x1, 0x94, 0x3, 0xff, 0x87,
    0xc0, 0x19, 0x80, 0x3e, 0xa0, 0xc, 0xc0, 0x1f,
    0xc4, 0x80, 0x13, 0x80, 0x7e, 0x50, 0x9, 0x80,
    0x3f, 0xf8, 0x8a, 0x1, 0xa8, 0x3, 0xe6, 0x0,
    0x98, 0x3, 0xfe, 0xe0, 0x8, 0x54, 0x3, 0xcc,
    0x1, 0xa8, 0x3, 0xff, 0x8a, 0xc0, 0x11, 0x88,
    0x7, 0x28, 0x6, 0xa0, 0xf, 0xf9, 0x40, 0x37,
    0x0, 0x7a, 0x80, 0x22, 0x30, 0xf, 0xfe, 0x2d,
    0x0, 0x66, 0x0, 0xee, 0x0, 0x88, 0xc0, 0x3f,
    0xf8, 0xc, 0x1, 0x20, 0x80, 0x62, 0x30, 0xa,
    0x80, 0x3f, 0xf8, 0xc6, 0x40, 0x15, 0x0, 0x61,
    0x40, 0xa, 0x80, 0x3f, 0xf8, 0x34, 0x1, 0x98,
    0x3, 0x50, 0x6, 0x60, 0xf, 0xfe, 0x3d, 0x0,
    0x44, 0x60, 0x13, 0x0, 0x66, 0x0, 0xff, 0xe0,
    0x99, 0x0, 0x54, 0x1, 0x94, 0x2, 0x41, 0x0,
    0xff, 0xe3, 0xb0, 0x6, 0xa0, 0xa, 0x80, 0x24,
    0x10, 0xf, 0xfe, 0x15, 0x0, 0x44, 0x60, 0x4,
    0x20, 0xb, 0x80, 0x3f, 0xf9, 0x2, 0x80, 0x13,
    0x80, 0x10, 0x80, 0x2e, 0x0, 0xff, 0xe1, 0xb0,
    0x6, 0xa0, 0x6, 0x80, 0x65, 0x0, 0xff, 0xe4,
    0xf0, 0x4, 0x2a, 0x1c, 0x1, 0xa, 0x80, 0x7f,
    0xf0, 0xc5, 0x0, 0x27, 0x0, 0x30, 0x4, 0xc0,
    0x1f, 0xfc, 0xa5, 0x0, 0xdc, 0xa, 0x1, 0x30,
    0x7, 0xff, 0x17, 0xc0, 0x21, 0x55, 0x0, 0x6a,
    0x0, 0xff, 0xe5, 0xb0, 0x4, 0x8e, 0x1, 0xa8,
    0x3, 0xff, 0x8a, 0x82, 0x1, 0x77, 0x0, 0x22,
    0x30, 0xf, 0xfe, 0x5d, 0x0, 0x68, 0x0, 0x8c,
    0x80, 0x3f, 0xf8, 0xcc, 0x1, 0x22, 0x0, 0x2a,
    0x0, 0xff, 0xe6, 0x19, 0x0, 0x7d, 0x40, 0x1f,
    0xfc, 0x7a, 0x0, 0xfc, 0xc0, 0x1f, 0xfc, 0xda,
    0x0, 0xf9, 0x80, 0x3f, 0xf8, 0xe4, 0x60, 0x1e,
    0x41, 0x0, 0xff, 0xe6, 0xb0, 0x7, 0x98, 0x3,
    0xff, 0x93, 0x40, 0x1e, 0xe0, 0xf, 0xfe, 0x70,
    0xa0, 0x7, 0x50, 0x7, 0xff, 0x25, 0x80, 0x38,
    0x54, 0x3, 0xff, 0x9f, 0xc0, 0x18, 0x8c, 0x3,
    0xff, 0x94, 0xa0, 0x19, 0xc0, 0x3f, 0xf8, 0x40,

    /* U+0078 "x" */
    0x8, 0xff, 0xe3, 0x0, 0xff, 0xe4, 0xe7, 0xfe,
    0xc0, 0xa, 0x10, 0x3, 0x68, 0x80, 0x7f, 0xf1,
    0xe0, 0xc0, 0x21, 0xe0, 0xd, 0x42, 0x1, 0xd,
    0x0, 0x7f, 0xf1, 0x95, 0xc0, 0x35, 0x10, 0x6,
    0x1d, 0x0, 0xc9, 0x0, 0x1f, 0xfc, 0x42, 0xa0,
    0xc, 0xe8, 0x1, 0xe3, 0x80, 0xc, 0xe8, 0x1,
    0xff, 0xc3, 0xf0, 0xc, 0x90, 0x1, 0xf9, 0xd4,
    0x3, 0x50, 0x80, 0x7f, 0xf0, 0x64, 0x80, 0x21,
    0xa0, 0xf, 0xf5, 0x10, 0x4, 0x3a, 0x1, 0xff,
    0xc0, 0x66, 0x0, 0x6d, 0x10, 0xf, 0xfb, 0xc0,
    0x31, 0xc8, 0x7, 0xf8, 0xa4, 0x3, 0x41, 0x80,
    0x7f, 0xf0, 0xa, 0x80, 0x33, 0x28, 0x7, 0xf7,
    0x80, 0x65, 0x70, 0xf, 0xfe, 0x12, 0xb0, 0x6,
    0xa2, 0x0, 0xfa, 0x88, 0x2, 0x2a, 0x0, 0xff,
    0xe2, 0x49, 0x80, 0x6f, 0x0, 0xf3, 0xa8, 0x6,
    0xf0, 0xf, 0xfe, 0x36, 0x88, 0x4, 0x54, 0x1,
    0x8e, 0x0, 0x35, 0x10, 0x7, 0xff, 0x18, 0x68,
    0x3, 0x2b, 0x0, 0x7, 0x40, 0x33, 0x28, 0x7,
    0xff, 0x21, 0x20, 0x3, 0x49, 0x85, 0x8, 0x4,
    0x72, 0x1, 0xff, 0xca, 0x74, 0x0, 0xdd, 0x28,
    0x1, 0xe, 0x80, 0x7f, 0xf3, 0x28, 0x40, 0x22,
    0x60, 0xd, 0x42, 0x1, 0xff, 0xcc, 0x1d, 0x0,
    0xfc, 0xe8, 0x1, 0xff, 0xce, 0x39, 0x0, 0xf2,
    0x40, 0x7, 0xff, 0x41, 0x88, 0x3, 0xa4, 0x3,
    0xff, 0xa2, 0xe4, 0x1, 0xdc, 0x1, 0xff, 0xd0,
    0x38, 0x0, 0xf1, 0xc0, 0x7, 0xff, 0x38, 0x74,
    0x3, 0xf3, 0xa8, 0x7, 0xff, 0x36, 0x84, 0x2,
    0x27, 0x0, 0xd4, 0x40, 0x1f, 0xfc, 0xb8, 0x40,
    0xd, 0xf0, 0x80, 0x1b, 0xc0, 0x3f, 0xf9, 0x48,
    0xe0, 0x1a, 0x48, 0x28, 0x40, 0x22, 0xa0, 0xf,
    0xfe, 0x40, 0xd0, 0x6, 0x66, 0x0, 0x7, 0x40,
    0x32, 0xb0, 0x7, 0xff, 0x1f, 0x44, 0x2, 0x29,
    0x0, 0xc7, 0x0, 0x1a, 0x4c, 0x3, 0xff, 0x8b,
    0x26, 0x1, 0xbc, 0x3, 0xce, 0x80, 0x1b, 0x44,
    0x3, 0xff, 0x86, 0xac, 0x1, 0xa8, 0x80, 0x3e,
    0xa1, 0x0, 0x86, 0x80, 0x3f, 0xf8, 0x45, 0x40,
    0x19, 0x94, 0x3, 0xf0, 0xe8, 0x6, 0x48, 0x0,
    0xff, 0xe0, 0xf8, 0x6, 0x39, 0x0, 0xff, 0x1c,
    0x0, 0x67, 0x40, 0xf, 0xfa, 0x88, 0x2, 0x1e,
    0x0, 0xff, 0xe0, 0x3a, 0x80, 0x6a, 0x10, 0xf,
    0xe6, 0x50, 0xd, 0x44, 0x1, 0xff, 0xc1, 0xa2,
    0x0, 0x87, 0x40, 0x3f, 0x1c, 0x80, 0x67, 0x40,
    0xf, 0xfe, 0x1f, 0x0, 0x63, 0x90, 0xf, 0xf,
    0x0, 0x63, 0x80, 0xf, 0xfe, 0x21, 0xc8, 0x6,
    0x65, 0x0, 0xea, 0x20, 0x8, 0x74, 0x3, 0xff,
    0x8c, 0xca, 0x1, 0xa8, 0x80, 0x27, 0x40, 0xd,
    0x42, 0x1, 0xff, 0xc7, 0xa2, 0x0, 0xde, 0x0,
    0x48, 0x0, 0xce, 0x80, 0x1f, 0xfc, 0x9f, 0x0,
    0xc5, 0x60,

    /* U+0079 "y" */
    0x0, 0x5f, 0xfe, 0xa0, 0xf, 0xfe, 0x7a, 0xff,
    0xeb, 0x0, 0x40, 0x6, 0x51, 0x0, 0xff, 0xe7,
    0x48, 0x6, 0xf0, 0x1, 0x98, 0x3, 0x48, 0x7,
    0xff, 0x34, 0xcc, 0x1, 0x12, 0x0, 0x52, 0x1,
    0x98, 0x3, 0xff, 0x9b, 0x20, 0x1a, 0xc0, 0x32,
    0x88, 0x4, 0x2c, 0x1, 0xff, 0xcb, 0x15, 0x0,
    0x85, 0x80, 0x3a, 0x40, 0x35, 0x80, 0x7f, 0xf2,
    0xe4, 0x3, 0x48, 0x7, 0x9c, 0x3, 0x12, 0x0,
    0x7f, 0xf2, 0x98, 0x3, 0x30, 0x7, 0xce, 0x1,
    0xa0, 0x3, 0xff, 0x92, 0xc2, 0x1, 0x30, 0x80,
    0x7d, 0x20, 0x18, 0xcc, 0x1, 0xff, 0xc8, 0xb0,
    0xd, 0x60, 0x1f, 0x85, 0x40, 0x34, 0x80, 0x7f,
    0xf1, 0xd4, 0x80, 0x24, 0x20, 0xf, 0xe9, 0x0,
    0xca, 0x20, 0x1f, 0xfc, 0x69, 0x0, 0xd0, 0x1,
    0xfe, 0x34, 0x0, 0xd2, 0x1, 0xff, 0xc5, 0x33,
    0x0, 0x46, 0x60, 0xf, 0xfb, 0xc0, 0x33, 0x0,
    0x7f, 0xf1, 0x64, 0x3, 0x48, 0x7, 0xff, 0x1,
    0x8, 0x2, 0x16, 0x0, 0xff, 0xe1, 0x8a, 0x80,
    0x42, 0xa0, 0x1f, 0xfc, 0x1b, 0x0, 0xd6, 0x1,
    0xff, 0xc3, 0x90, 0xd, 0x20, 0x1f, 0xfc, 0x26,
    0x10, 0x8, 0x90, 0x3, 0xff, 0x84, 0xc0, 0x19,
    0xc0, 0x3f, 0xf8, 0x72, 0x1, 0xa0, 0x3, 0xff,
    0x82, 0xc2, 0x1, 0x38, 0x7, 0xff, 0x11, 0x80,
    0x31, 0x98, 0x3, 0xff, 0x81, 0x60, 0x1a, 0x40,
    0x3f, 0xf8, 0x82, 0xc0, 0x1a, 0x40, 0x3f, 0xe5,
    0x20, 0x9, 0x44, 0x3, 0xff, 0x8b, 0x60, 0x19,
    0x44, 0x3, 0xfd, 0x20, 0x1a, 0x40, 0x3f, 0xf8,
    0xc4, 0x80, 0x1a, 0x40, 0x3f, 0x8c, 0xc0, 0x11,
    0x98, 0x3, 0xff, 0x8f, 0x0, 0x19, 0xc0, 0x3f,
    0xa4, 0x3, 0x40, 0x7, 0xff, 0x20, 0xcc, 0x1,
    0x9c, 0x3, 0xe1, 0x50, 0x8, 0x90, 0x3, 0xff,
    0x93, 0x20, 0x1a, 0x80, 0x3e, 0x90, 0xd, 0x60,
    0x1f, 0xfc, 0xa5, 0x10, 0x8, 0x94, 0x3, 0xcc,
    0x1, 0xb, 0x0, 0x7f, 0xf2, 0xe4, 0x3, 0x48,
    0x7, 0x30, 0x80, 0x4c, 0x1, 0xff, 0xcc, 0x70,
    0xc, 0x66, 0x0, 0xd6, 0x1, 0xa4, 0x3, 0xff,
    0x9a, 0xe0, 0x1a, 0x40, 0x25, 0x20, 0x9, 0x84,
    0x3, 0xff, 0x9b, 0x20, 0x19, 0x48, 0x1, 0x20,
    0x1a, 0xc0, 0x3f, 0xf9, 0xc2, 0xa0, 0x1a, 0x80,
    0xcc, 0x1, 0x21, 0x0, 0x7f, 0xf3, 0xe4, 0x3,
    0x38, 0x48, 0x6, 0xf0, 0xf, 0xfe, 0x81, 0x98,
    0x3, 0x42, 0x80, 0x44, 0x80, 0x1f, 0xfd, 0x18,
    0x0, 0xce, 0x1, 0xac, 0x3, 0xff, 0xa4, 0x84,
    0x1, 0xf0, 0xb0, 0x7, 0xff, 0x4e, 0xc0, 0x3e,
    0x90, 0xf, 0xfe, 0xa3, 0x8, 0x7, 0x98, 0x3,
    0xff, 0xaa, 0xc0, 0x1c, 0xc2, 0x1, 0xff, 0xd5,
    0xa0, 0xe, 0xb0, 0xf, 0xfe, 0xb2, 0x0, 0x64,
    0x20, 0xf, 0xfe, 0xb5, 0x80, 0x68, 0x0, 0xff,
    0xeb, 0x21, 0x0, 0x46, 0x60, 0xf, 0xfe, 0xb4,
    0x0, 0x69, 0x0, 0xff, 0xeb, 0x21, 0x80, 0x42,
    0xa0, 0x1f, 0xfd, 0x69, 0x0, 0xd0, 0x1, 0xff,
    0xd6, 0x82, 0x0, 0x85, 0x80, 0x3f, 0xf9, 0x3a,
    0xe0, 0x1f, 0xe5, 0x70, 0xd, 0x60, 0x1f, 0xfc,
    0x98, 0x28, 0xc3, 0x0, 0xfa, 0x28, 0x3, 0x22,
    0x80, 0x7f, 0xf2, 0x9, 0xc0, 0x7, 0x9b, 0x2c,
    0xc7, 0xaf, 0x70, 0xc, 0x34, 0x1, 0xff, 0xc9,
    0xb0, 0xe, 0x26, 0x99, 0x42, 0x80, 0x70, 0xe0,
    0x80, 0x7f, 0xf2, 0x65, 0x40, 0x3f, 0xf8, 0x45,
    0x84, 0x1, 0xff, 0xcb, 0xab, 0x30, 0xf, 0xf9,
    0xb4, 0x80, 0x3f, 0xf9, 0xa9, 0x98, 0x84, 0x10,
    0x8, 0x96, 0x7a, 0x40, 0x3f, 0xf9, 0xa0,

    /* U+007A "z" */
    0x8f, 0xff, 0xfe, 0x8a, 0x80, 0x7f, 0xff, 0xc0,
    0x3f, 0xf8, 0xaf, 0x39, 0x9f, 0xfc, 0xa7, 0x0,
    0xe9, 0x21, 0x33, 0xff, 0xe4, 0x8b, 0x80, 0x66,
    0x60, 0x7, 0xff, 0x28, 0x7c, 0x3, 0x1c, 0x80,
    0x7f, 0xf2, 0xe8, 0x80, 0x21, 0xe0, 0xf, 0xfe,
    0x5b, 0xa0, 0x6, 0xa2, 0x0, 0xff, 0xe5, 0x24,
    0x0, 0x68, 0x40, 0xf, 0xfe, 0x51, 0x50, 0x6,
    0x47, 0x0, 0xff, 0xe5, 0xf0, 0x80, 0x45, 0x40,
    0x1f, 0xfc, 0xb9, 0x30, 0xd, 0xc2, 0x1, 0xff,
    0xca, 0x66, 0x0, 0x69, 0x30, 0xf, 0xfe, 0x51,
    0xc8, 0x6, 0x66, 0x0, 0x7f, 0xf2, 0x87, 0x40,
    0x31, 0xc8, 0x7, 0xff, 0x2e, 0x84, 0x2, 0x1d,
    0x0, 0xff, 0xe5, 0xc2, 0x0, 0x6a, 0x10, 0xf,
    0xfe, 0x52, 0xb8, 0x6, 0x84, 0x0, 0xff, 0xe5,
    0x15, 0x0, 0x65, 0x70, 0xf, 0xfe, 0x5f, 0x80,
    0x62, 0xa0, 0xf, 0xfe, 0x5d, 0x10, 0x6, 0xf0,
    0xf, 0xfe, 0x5b, 0xa8, 0x6, 0xa2, 0x0, 0xff,
    0xe5, 0x24, 0x0, 0x66, 0x50, 0xf, 0xfe, 0x50,
    0xd0, 0x6, 0x39, 0x0, 0xff, 0xe5, 0xe8, 0x80,
    0x43, 0xa0, 0x1f, 0xfc, 0xb9, 0x30, 0xd, 0xa2,
    0x1, 0xff, 0xca, 0x66, 0x0, 0x68, 0x30, 0xf,
    0xfe, 0x51, 0xc8, 0x6, 0x57, 0x0, 0xff, 0xe5,
    0xe, 0x80, 0x62, 0xa0, 0xf, 0xfe, 0x5d, 0x8,
    0x6, 0xf0, 0xf, 0xfe, 0x5c, 0x20, 0x6, 0xa2,
    0x0, 0xff, 0xe5, 0x23, 0x80, 0x67, 0x50, 0xf,
    0xfe, 0x51, 0x58, 0x6, 0x2b, 0x33, 0xff, 0xe5,
    0xf8, 0x7, 0x16, 0x67, 0xff, 0x2f, 0x88, 0x3,
    0xff, 0xfe, 0x1, 0xff, 0xc5,

    /* U+007B "{" */
    0x0, 0xff, 0x9a, 0xb7, 0xff, 0x40, 0x7, 0xf3,
    0x7c, 0xa9, 0x0, 0x7f, 0xf0, 0x6a, 0x40, 0x3f,
    0xf8, 0x8e, 0xa0, 0x1f, 0xfc, 0x41, 0x80, 0xe,
    0x17, 0xac, 0xc5, 0x0, 0x79, 0xc0, 0x39, 0x3a,
    0x14, 0xcc, 0x40, 0x1e, 0xd0, 0xc, 0x36, 0x1,
    0xff, 0xc0, 0x60, 0xd, 0x20, 0x1f, 0xfc, 0x12,
    0x0, 0xc8, 0x1, 0xff, 0xc6, 0x10, 0xf, 0xff,
    0xf8, 0x7, 0xff, 0xfc, 0x3, 0xff, 0xfe, 0x1,
    0xff, 0xff, 0x0, 0xff, 0xee, 0x98, 0x7, 0xff,
    0x0, 0x40, 0x3f, 0xf8, 0xce, 0x1, 0xc2, 0x1,
    0xfe, 0x16, 0x90, 0xc, 0xa0, 0x1f, 0xaf, 0xfd,
    0xd2, 0x1, 0xd0, 0x1, 0xff, 0xc4, 0x3c, 0x20,
    0xf, 0xfe, 0x22, 0x18, 0x7, 0xff, 0x15, 0xf4,
    0x3, 0xfa, 0x2e, 0xd4, 0x80, 0x18, 0xa0, 0x3,
    0xf1, 0xa2, 0x16, 0xd8, 0x3, 0x28, 0x7, 0xff,
    0x6, 0xc0, 0x31, 0x0, 0x7f, 0xf0, 0x48, 0x3,
    0x84, 0x3, 0xff, 0x8c, 0x60, 0x1f, 0xff, 0xf0,
    0xf, 0xff, 0xf8, 0x7, 0xff, 0xfc, 0x3, 0xff,
    0xfe, 0x1, 0xff, 0xf0, 0x60, 0xf, 0xfe, 0x9,
    0x0, 0x6c, 0x0, 0xff, 0xe0, 0xb8, 0x6, 0x60,
    0xf, 0xfe, 0xe, 0x0, 0x61, 0xb0, 0xf, 0xfe,
    0x3, 0x8, 0x6, 0x4e, 0x84, 0x33, 0x8, 0x7,
    0xd0, 0x1, 0xc2, 0xf7, 0x98, 0x90, 0xf, 0x99,
    0xc0, 0x3f, 0xf8, 0xd1, 0x22, 0x1, 0xff, 0xc5,
    0x6e, 0xa5, 0x20, 0xe,

    /* U+007C "|" */
    0xcf, 0xfc, 0x1, 0xff, 0xff, 0x0, 0xff, 0xff,
    0x80, 0x7f, 0xff, 0xc0, 0x3f, 0xff, 0xe0, 0x1f,
    0xfd, 0x20,

    /* U+007D "}" */
    0x7f, 0xfd, 0xb4, 0xc2, 0x1, 0xff, 0xc3, 0x25,
    0x9e, 0x70, 0xf, 0xfe, 0x34, 0x50, 0x7, 0xff,
    0x19, 0x60, 0x3, 0xe6, 0xcc, 0x5c, 0x10, 0x7,
    0x38, 0x80, 0x78, 0x4c, 0xc8, 0xfa, 0xa0, 0x1c,
    0xc0, 0x1f, 0xfc, 0xa, 0x20, 0xd, 0x60, 0x1f,
    0xfc, 0x1b, 0x0, 0xc4, 0x1, 0xff, 0xc1, 0x50,
    0xc, 0x20, 0x1f, 0xfc, 0x12, 0x0, 0xff, 0xff,
    0x80, 0x7f, 0xff, 0xc0, 0x3f, 0xff, 0xe0, 0x1f,
    0xff, 0xf0, 0xf, 0xff, 0x80, 0x80, 0x71, 0x0,
    0x7f, 0xf0, 0x44, 0x3, 0x28, 0x7, 0xff, 0x5,
    0xc0, 0x34, 0x38, 0x80, 0x7f, 0xd6, 0x1, 0xd1,
    0xdf, 0xeb, 0x0, 0xfc, 0x5a, 0x60, 0x1f, 0xfc,
    0x52, 0xb0, 0xf, 0xfe, 0x2e, 0x40, 0x7, 0xff,
    0x11, 0xcc, 0x3, 0x24, 0xdd, 0xa0, 0x3, 0xf5,
    0x0, 0x65, 0xb6, 0x44, 0x18, 0x7, 0xe2, 0x0,
    0xd2, 0x1, 0xff, 0xc0, 0x10, 0xe, 0x20, 0xf,
    0xfe, 0x30, 0x80, 0x7f, 0xff, 0xc0, 0x3f, 0xff,
    0xe0, 0x1f, 0xff, 0xf0, 0xf, 0xff, 0xf8, 0x7,
    0xff, 0xa8, 0x80, 0x3f, 0xf8, 0xc8, 0x1, 0x84,
    0x3, 0xff, 0x83, 0x40, 0x19, 0x40, 0x3f, 0xf8,
    0x14, 0x40, 0x1b, 0x40, 0x3c, 0x26, 0x64, 0x7d,
    0x50, 0xe, 0x70, 0xf, 0x36, 0x62, 0xe0, 0x80,
    0x3a, 0x4, 0x3, 0xff, 0x88, 0xce, 0x1, 0xff,
    0xc3, 0x19, 0x90, 0x7, 0xff, 0x4, 0x96, 0xb9,
    0x80, 0x3f, 0x80,

    /* U+007E "~" */
    0x0, 0xff, 0xed, 0x14, 0x6f, 0xfd, 0x90, 0x40,
    0x1f, 0xfc, 0x34, 0x99, 0x40, 0x6, 0x8d, 0x72,
    0x0, 0x8d, 0xf6, 0x40, 0x3f, 0xf8, 0x5a, 0xcd,
    0x0, 0x56, 0xe0, 0x1f, 0xcd, 0xa6, 0x1, 0xff,
    0xc0, 0x50, 0x1, 0x0, 0x25, 0x0, 0x3f, 0xe2,
    0xc5, 0x0, 0xff, 0x9, 0x80, 0x14, 0xd, 0x80,
    0x22, 0xae, 0xfe, 0xa3, 0x0, 0xd4, 0xe0, 0x1f,
    0xd0, 0x1, 0x60, 0x48, 0x4, 0x7a, 0xa2, 0x2,
    0xb9, 0x0, 0x1a, 0x2c, 0x40, 0x3c, 0xcc, 0x0,
    0x90, 0x14, 0x2, 0xd0, 0xf, 0x9f, 0x4, 0x2,
    0x4f, 0x71, 0x0, 0x1c, 0xc8, 0x2, 0x61, 0x30,
    0x9, 0xc4, 0x3, 0xf1, 0xf9, 0x0, 0x43, 0x1d,
    0xfe, 0xc6, 0x0, 0x86, 0x1, 0x80, 0x2b, 0x0,
    0xff, 0xe, 0xa8, 0x7, 0xff, 0x3, 0x44, 0x8,
    0x2, 0x30, 0xf, 0xfe, 0x5, 0x58, 0x80, 0x7e,
    0x2d, 0x30, 0x1, 0xb3, 0x1c, 0x3, 0xff, 0x84,
    0x9d, 0x28, 0x20, 0x1, 0x5a, 0xd2, 0x0, 0x80
};


/*---------------------
 *  GLYPH DESCRIPTION
 *--------------------*/

static const lv_font_fmt_txt_glyph_dsc_t glyph_dsc[] = {
    {.bitmap_index = 0, .adv_w = 0, .box_w = 0, .box_h = 0, .ofs_x = 0, .ofs_y = 0} /* id = 0 reserved */,
    {.bitmap_index = 0, .adv_w = 302, .box_w = 0, .box_h = 0, .ofs_x = 0, .ofs_y = 0},
    {.bitmap_index = 0, .adv_w = 300, .box_w = 9, .box_h = 50, .ofs_x = 5, .ofs_y = 0},
    {.bitmap_index = 127, .adv_w = 430, .box_w = 18, .box_h = 19, .ofs_x = 4, .ofs_y = 31},
    {.bitmap_index = 197, .adv_w = 802, .box_w = 46, .box_h = 50, .ofs_x = 2, .ofs_y = 0},
    {.bitmap_index = 706, .adv_w = 708, .box_w = 38, .box_h = 67, .ofs_x = 3, .ofs_y = -8},
    {.bitmap_index = 1191, .adv_w = 955, .box_w = 54, .box_h = 50, .ofs_x = 3, .ofs_y = 0},
    {.bitmap_index = 1979, .adv_w = 771, .box_w = 45, .box_h = 52, .ofs_x = 3, .ofs_y = -2},
    {.bitmap_index = 2613, .adv_w = 233, .box_w = 6, .box_h = 19, .ofs_x = 4, .ofs_y = 31},
    {.bitmap_index = 2643, .adv_w = 379, .box_w = 14, .box_h = 67, .ofs_x = 7, .ofs_y = -14},
    {.bitmap_index = 2924, .adv_w = 379, .box_w = 15, .box_h = 67, .ofs_x = 2, .ofs_y = -14},
    {.bitmap_index = 3204, .adv_w = 445, .box_w = 26, .box_h = 26, .ofs_x = 1, .ofs_y = 27},
    {.bitmap_index = 3380, .adv_w = 662, .box_w = 32, .box_h = 31, .ofs_x = 5, .ofs_y = 10},
    {.bitmap_index = 3456, .adv_w = 244, .box_w = 9, .box_h = 18, .ofs_x = 3, .ofs_y = -10},
    {.bitmap_index = 3525, .adv_w = 440, .box_w = 20, .box_h = 5, .ofs_x = 4, .ofs_y = 17},
    {.bitmap_index = 3537, .adv_w = 244, .box_w = 9, .box_h = 8, .ofs_x = 3, .ofs_y = 0},
    {.bitmap_index = 3566, .adv_w = 386, .box_w = 29, .box_h = 68, .ofs_x = -2, .ofs_y = -7},
    {.bitmap_index = 3957, .adv_w = 763, .box_w = 41, .box_h = 50, .ofs_x = 3, .ofs_y = 0},
    {.bitmap_index = 4452, .adv_w = 416, .box_w = 18, .box_h = 50, .ofs_x = 0, .ofs_y = 0},
    {.bitmap_index = 4502, .adv_w = 654, .box_w = 38, .box_h = 50, .ofs_x = 1, .ofs_y = 0},
    {.bitmap_index = 4866, .adv_w = 650, .box_w = 38, .box_h = 50, .ofs_x = 0, .ofs_y = 0},
    {.bitmap_index = 5236, .adv_w = 761, .box_w = 45, .box_h = 50, .ofs_x = 2, .ofs_y = 0},
    {.bitmap_index = 5518, .adv_w = 652, .box_w = 37, .box_h = 50, .ofs_x = 1, .ofs_y = 0},
    {.bitmap_index = 5883, .adv_w = 702, .box_w = 39, .box_h = 50, .ofs_x = 3, .ofs_y = 0},
    {.bitmap_index = 6386, .adv_w = 679, .box_w = 38, .box_h = 50, .ofs_x = 2, .ofs_y = 0},
    {.bitmap_index = 6683, .adv_w = 735, .box_w = 40, .box_h = 50, .ofs_x = 3, .ofs_y = 0},
    {.bitmap_index = 7233, .adv_w = 702, .box_w = 39, .box_h = 50, .ofs_x = 2, .ofs_y = 0},
    {.bitmap_index = 7739, .adv_w = 244, .box_w = 9, .box_h = 38, .ofs_x = 3, .ofs_y = 0},
    {.bitmap_index = 7808, .adv_w = 244, .box_w = 9, .box_h = 48, .ofs_x = 3, .ofs_y = -10},
    {.bitmap_index = 7917, .adv_w = 662, .box_w = 32, .box_h = 30, .ofs_x = 5, .ofs_y = 10},
    {.bitmap_index = 8156, .adv_w = 662, .box_w = 32, .box_h = 21, .ofs_x = 5, .ofs_y = 15},
    {.bitmap_index = 8203, .adv_w = 662, .box_w = 32, .box_h = 30, .ofs_x = 5, .ofs_y = 10},
    {.bitmap_index = 8440, .adv_w = 653, .box_w = 36, .box_h = 50, .ofs_x = 0, .ofs_y = 0},
    {.bitmap_index = 8774, .adv_w = 1190, .box_w = 68, .box_h = 64, .ofs_x = 3, .ofs_y = -14},
    {.bitmap_index = 9850, .adv_w = 826, .box_w = 52, .box_h = 50, .ofs_x = 0, .ofs_y = 0},
    {.bitmap_index = 10353, .adv_w = 869, .box_w = 43, .box_h = 50, .ofs_x = 8, .ofs_y = 0},
    {.bitmap_index = 10698, .adv_w = 817, .box_w = 46, .box_h = 50, .ofs_x = 3, .ofs_y = 0},
    {.bitmap_index = 11138, .adv_w = 952, .box_w = 48, .box_h = 50, .ofs_x = 8, .ofs_y = 0},
    {.bitmap_index = 11476, .adv_w = 771, .box_w = 36, .box_h = 50, .ofs_x = 8, .ofs_y = 0},
    {.bitmap_index = 11586, .adv_w = 729, .box_w = 35, .box_h = 50, .ofs_x = 8, .ofs_y = 0},
    {.bitmap_index = 11686, .adv_w = 890, .box_w = 47, .box_h = 50, .ofs_x = 3, .ofs_y = 0},
    {.bitmap_index = 12120, .adv_w = 937, .box_w = 43, .box_h = 50, .ofs_x = 8, .ofs_y = 0},
    {.bitmap_index = 12229, .adv_w = 348, .box_w = 6, .box_h = 50, .ofs_x = 8, .ofs_y = 0},
    {.bitmap_index = 12244, .adv_w = 577, .box_w = 30, .box_h = 50, .ofs_x = -1, .ofs_y = 0},
    {.bitmap_index = 12427, .adv_w = 819, .box_w = 43, .box_h = 50, .ofs_x = 8, .ofs_y = 0},
    {.bitmap_index = 12813, .adv_w = 679, .box_w = 34, .box_h = 50, .ofs_x = 8, .ofs_y = 0},
    {.bitmap_index = 12897, .adv_w = 1100, .box_w = 53, .box_h = 50, .ofs_x = 8, .ofs_y = 0},
    {.bitmap_index = 13341, .adv_w = 937, .box_w = 43, .box_h = 50, .ofs_x = 8, .ofs_y = 0},
    {.bitmap_index = 13632, .adv_w = 967, .box_w = 54, .box_h = 50, .ofs_x = 3, .ofs_y = 0},
    {.bitmap_index = 14193, .adv_w = 827, .box_w = 40, .box_h = 50, .ofs_x = 8, .ofs_y = 0},
    {.bitmap_index = 14462, .adv_w = 967, .box_w = 56, .box_h = 60, .ofs_x = 3, .ofs_y = -10},
    {.bitmap_index = 15157, .adv_w = 833, .box_w = 41, .box_h = 50, .ofs_x = 8, .ofs_y = 0},
    {.bitmap_index = 15494, .adv_w = 708, .box_w = 38, .box_h = 50, .ofs_x = 3, .ofs_y = 0},
    {.bitmap_index = 15944, .adv_w = 661, .box_w = 42, .box_h = 50, .ofs_x = 0, .ofs_y = 0},
    {.bitmap_index = 16050, .adv_w = 912, .box_w = 43, .box_h = 50, .ofs_x = 7, .ofs_y = 0},
    {.bitmap_index = 16330, .adv_w = 804, .box_w = 51, .box_h = 50, .ofs_x = 0, .ofs_y = 0},
    {.bitmap_index = 16844, .adv_w = 1280, .box_w = 76, .box_h = 50, .ofs_x = 2, .ofs_y = 0},
    {.bitmap_index = 17760, .adv_w = 756, .box_w = 46, .box_h = 50, .ofs_x = 1, .ofs_y = 0},
    {.bitmap_index = 18300, .adv_w = 732, .box_w = 46, .box_h = 50, .ofs_x = 0, .ofs_y = 0},
    {.bitmap_index = 18679, .adv_w = 750, .box_w = 42, .box_h = 50, .ofs_x = 3, .ofs_y = 0},
    {.bitmap_index = 18978, .adv_w = 366, .box_w = 14, .box_h = 67, .ofs_x = 8, .ofs_y = -14},
    {.bitmap_index = 19037, .adv_w = 386, .box_w = 29, .box_h = 68, .ofs_x = -3, .ofs_y = -7},
    {.bitmap_index = 19423, .adv_w = 366, .box_w = 14, .box_h = 67, .ofs_x = 1, .ofs_y = -14},
    {.bitmap_index = 19482, .adv_w = 664, .box_w = 31, .box_h = 30, .ofs_x = 5, .ofs_y = 10},
    {.bitmap_index = 19751, .adv_w = 576, .box_w = 36, .box_h = 4, .ofs_x = 0, .ofs_y = -3},
    {.bitmap_index = 19761, .adv_w = 691, .box_w = 18, .box_h = 9, .ofs_x = 9, .ofs_y = 44},
    {.bitmap_index = 19815, .adv_w = 680, .box_w = 33, .box_h = 38, .ofs_x = 3, .ofs_y = 0},
    {.bitmap_index = 20133, .adv_w = 781, .box_w = 39, .box_h = 53, .ofs_x = 7, .ofs_y = 0},
    {.bitmap_index = 20522, .adv_w = 649, .box_w = 35, .box_h = 38, .ofs_x = 3, .ofs_y = 0},
    {.bitmap_index = 20844, .adv_w = 781, .box_w = 39, .box_h = 53, .ofs_x = 3, .ofs_y = 0},
    {.bitmap_index = 21235, .adv_w = 696, .box_w = 38, .box_h = 38, .ofs_x = 3, .ofs_y = 0},
    {.bitmap_index = 21586, .adv_w = 391, .box_w = 26, .box_h = 53, .ofs_x = 1, .ofs_y = 0},
    {.bitmap_index = 21736, .adv_w = 789, .box_w = 40, .box_h = 52, .ofs_x = 3, .ofs_y = -14},
    {.bitmap_index = 22258, .adv_w = 779, .box_w = 35, .box_h = 53, .ofs_x = 7, .ofs_y = 0},
    {.bitmap_index = 22473, .adv_w = 310, .box_w = 9, .box_h = 53, .ofs_x = 5, .ofs_y = 0},
    {.bitmap_index = 22528, .adv_w = 316, .box_w = 21, .box_h = 67, .ofs_x = -7, .ofs_y = -14},
    {.bitmap_index = 22703, .adv_w = 689, .box_w = 36, .box_h = 53, .ofs_x = 7, .ofs_y = 0},
    {.bitmap_index = 23016, .adv_w = 310, .box_w = 6, .box_h = 53, .ofs_x = 7, .ofs_y = 0},
    {.bitmap_index = 23034, .adv_w = 1222, .box_w = 63, .box_h = 38, .ofs_x = 7, .ofs_y = 0},
    {.bitmap_index = 23388, .adv_w = 779, .box_w = 35, .box_h = 38, .ofs_x = 7, .ofs_y = 0},
    {.bitmap_index = 23580, .adv_w = 722, .box_w = 39, .box_h = 38, .ofs_x = 3, .ofs_y = 0},
    {.bitmap_index = 23966, .adv_w = 781, .box_w = 39, .box_h = 52, .ofs_x = 7, .ofs_y = -14},
    {.bitmap_index = 24356, .adv_w = 781, .box_w = 39, .box_h = 52, .ofs_x = 3, .ofs_y = -14},
    {.bitmap_index = 24748, .adv_w = 462, .box_w = 20, .box_h = 38, .ofs_x = 7, .ofs_y = 0},
    {.bitmap_index = 24861, .adv_w = 562, .box_w = 32, .box_h = 38, .ofs_x = 1, .ofs_y = 0},
    {.bitmap_index = 25196, .adv_w = 468, .box_w = 27, .box_h = 47, .ofs_x = 1, .ofs_y = 0},
    {.bitmap_index = 25344, .adv_w = 774, .box_w = 36, .box_h = 38, .ofs_x = 6, .ofs_y = 0},
    {.bitmap_index = 25538, .adv_w = 624, .box_w = 39, .box_h = 38, .ofs_x = 0, .ofs_y = 0},
    {.bitmap_index = 25905, .adv_w = 1013, .box_w = 63, .box_h = 38, .ofs_x = 0, .ofs_y = 0},
    {.bitmap_index = 26561, .adv_w = 615, .box_w = 37, .box_h = 38, .ofs_x = 1, .ofs_y = 0},
    {.bitmap_index = 26947, .adv_w = 624, .box_w = 41, .box_h = 52, .ofs_x = -2, .ofs_y = -14},
    {.bitmap_index = 27434, .adv_w = 589, .box_w = 31, .box_h = 38, .ofs_x = 3, .ofs_y = 0},
    {.bitmap_index = 27655, .adv_w = 385, .box_w = 19, .box_h = 67, .ofs_x = 4, .ofs_y = -14},
    {.bitmap_index = 27851, .adv_w = 339, .box_w = 5, .box_h = 67, .ofs_x = 8, .ofs_y = -14},
    {.bitmap_index = 27869, .adv_w = 385, .box_w = 19, .box_h = 67, .ofs_x = 1, .ofs_y = -14},
    {.bitmap_index = 28064, .adv_w = 662, .box_w = 33, .box_h = 12, .ofs_x = 4, .ofs_y = 20}
};

/*---------------------
 *  CHARACTER MAPPING
 *--------------------*/



/*Collect the unicode lists and glyph_id offsets*/
static const lv_font_fmt_txt_cmap_t cmaps[] =
{
    {
        .range_start = 32, .range_length = 95, .glyph_id_start = 1,
        .unicode_list = NULL, .glyph_id_ofs_list = NULL, .list_length = 0, .type = LV_FONT_FMT_TXT_CMAP_FORMAT0_TINY
    }
};



/*--------------------
 *  ALL CUSTOM DATA
 *--------------------*/

#if LVGL_VERSION_MAJOR == 8
/*Store all the custom data of the font*/
static  lv_font_fmt_txt_glyph_cache_t cache;
#endif

#if LVGL_VERSION_MAJOR >= 8
static const lv_font_fmt_txt_dsc_t font_dsc = {
#else
static lv_font_fmt_txt_dsc_t font_dsc = {
#endif
    .glyph_bitmap = glyph_bitmap,
    .glyph_dsc = glyph_dsc,
    .cmaps = cmaps,
    .kern_dsc = NULL,
    .kern_scale = 0,
    .cmap_num = 1,
    .bpp = 4,
    .kern_classes = 0,
    .bitmap_format = 1,
#if LVGL_VERSION_MAJOR == 8
    .cache = &cache
#endif
};



/*-----------------
 *  PUBLIC FONT
 *----------------*/

/*Initialize a public general font descriptor*/
#if LVGL_VERSION_MAJOR >= 8
const lv_font_t lv_font_montserrat_72 = {
#else
lv_font_t lv_font_montserrat_72 = {
#endif
    .get_glyph_dsc = lv_font_get_glyph_dsc_fmt_txt,    /*Function pointer to get glyph's data*/
    .get_glyph_bitmap = lv_font_get_bitmap_fmt_txt,    /*Function pointer to get glyph's bitmap*/
    .line_height = 75,          /*The maximum line height required by the font*/
    .base_line = 14,             /*Baseline measured from the bottom of the line*/
#if !(LVGL_VERSION_MAJOR == 6 && LVGL_VERSION_MINOR == 0)
    .subpx = LV_FONT_SUBPX_NONE,
#endif
#if LV_VERSION_CHECK(7, 4, 0) || LVGL_VERSION_MAJOR >= 8
    .underline_position = -7,
    .underline_thickness = 4,
#endif
    .dsc = &font_dsc,          /*The custom font data. Will be accessed by `get_glyph_bitmap/dsc` */
#if LV_VERSION_CHECK(8, 2, 0) || LVGL_VERSION_MAJOR >= 9
    .fallback = NULL,
#endif
    .user_data = NULL,
};



//#endif /*#if LV_FONT_MONTSERRAT_72*/

